geography_type,geography_name,year,animal,count
New Zealand,New Zealand,1971,Beef cattle,4796000
New Zealand,New Zealand,1972,Beef cattle,5344000
New Zealand,New Zealand,1973,Beef cattle,5765000
New Zealand,New Zealand,1974,Beef cattle,6237000
New Zealand,New Zealand,1975,Beef cattle,6294000
New Zealand,New Zealand,1976,Beef cattle,6087000
New Zealand,New Zealand,1977,Beef cattle,5839000
New Zealand,New Zealand,1978,Beef cattle,5507275
New Zealand,New Zealand,1979,Beef cattle,5122316
New Zealand,New Zealand,1980,Beef cattle,5162261
New Zealand,New Zealand,1981,Beef cattle,5113419
New Zealand,New Zealand,1982,Beef cattle,4905639
New Zealand,New Zealand,1983,Beef cattle,4496559
New Zealand,New Zealand,1984,Beef cattle,4530565
New Zealand,New Zealand,1985,Beef cattle,4613120
New Zealand,New Zealand,1986,Beef cattle,4880831
New Zealand,New Zealand,1987,Beef cattle,4804178
New Zealand,New Zealand,1988,Beef cattle,4858168
New Zealand,New Zealand,1989,Beef cattle,4526056
New Zealand,New Zealand,1990,Beef cattle,4593160
New Zealand,New Zealand,1991,Beef cattle,4670569
New Zealand,New Zealand,1992,Beef cattle,4676497
New Zealand,New Zealand,1993,Beef cattle,4757962
New Zealand,New Zealand,1994,Beef cattle,5047848
New Zealand,New Zealand,1995,Beef cattle,5182508
New Zealand,New Zealand,1996,Beef cattle,4852179
New Zealand,New Zealand,1997,Beef cattle,NA
New Zealand,New Zealand,1998,Beef cattle,NA
New Zealand,New Zealand,1999,Beef cattle,4643705
New Zealand,New Zealand,2000,Beef cattle,NA
New Zealand,New Zealand,2001,Beef cattle,NA
New Zealand,New Zealand,2002,Beef cattle,4491281
New Zealand,New Zealand,2003,Beef cattle,4626617
New Zealand,New Zealand,2004,Beef cattle,4447400
New Zealand,New Zealand,2005,Beef cattle,4423626
New Zealand,New Zealand,2006,Beef cattle,4439136
New Zealand,New Zealand,2007,Beef cattle,4393617
New Zealand,New Zealand,2008,Beef cattle,4136872
New Zealand,New Zealand,2009,Beef cattle,4100718
New Zealand,New Zealand,2010,Beef cattle,3948520
New Zealand,New Zealand,2011,Beef cattle,3846414
New Zealand,New Zealand,2012,Beef cattle,3734412
New Zealand,New Zealand,2013,Beef cattle,3698522
New Zealand,New Zealand,2014,Beef cattle,3669862
New Zealand,New Zealand,2015,Beef cattle,3547228
New Zealand,New Zealand,2016,Beef cattle,3533054
New Zealand,New Zealand,2017,Beef cattle,3616091
New Zealand,New Zealand,2018,Beef cattle,3721262
New Zealand,New Zealand,2019,Beef cattle,3889996
Region,Auckland,1990,Beef cattle,289594
Region,Auckland,1991,Beef cattle,287462
Region,Auckland,1992,Beef cattle,273126
Region,Auckland,1993,Beef cattle,192310
Region,Auckland,1994,Beef cattle,213739
Region,Auckland,1995,Beef cattle,219658
Region,Auckland,1996,Beef cattle,184191
Region,Auckland,1997,Beef cattle,NA
Region,Auckland,1998,Beef cattle,NA
Region,Auckland,1999,Beef cattle,178716
Region,Auckland,2000,Beef cattle,NA
Region,Auckland,2001,Beef cattle,NA
Region,Auckland,2002,Beef cattle,172348
Region,Auckland,2003,Beef cattle,180066
Region,Auckland,2004,Beef cattle,166039
Region,Auckland,2005,Beef cattle,167868
Region,Auckland,2006,Beef cattle,147748
Region,Auckland,2007,Beef cattle,156787
Region,Auckland,2008,Beef cattle,143366
Region,Auckland,2009,Beef cattle,135008
Region,Auckland,2010,Beef cattle,133998
Region,Auckland,2011,Beef cattle,120337
Region,Auckland,2012,Beef cattle,117458
Region,Auckland,2013,Beef cattle,115826
Region,Auckland,2014,Beef cattle,119267
Region,Auckland,2015,Beef cattle,111292
Region,Auckland,2016,Beef cattle,121690
Region,Auckland,2017,Beef cattle,111948
Region,Auckland,2018,Beef cattle,113927
Region,Auckland,2019,Beef cattle,118180
Region,Bay of Plenty,1990,Beef cattle,175208
Region,Bay of Plenty,1991,Beef cattle,176656
Region,Bay of Plenty,1992,Beef cattle,178730
Region,Bay of Plenty,1993,Beef cattle,155125
Region,Bay of Plenty,1994,Beef cattle,164806
Region,Bay of Plenty,1995,Beef cattle,167108
Region,Bay of Plenty,1996,Beef cattle,150853
Region,Bay of Plenty,1997,Beef cattle,NA
Region,Bay of Plenty,1998,Beef cattle,NA
Region,Bay of Plenty,1999,Beef cattle,119084
Region,Bay of Plenty,2000,Beef cattle,NA
Region,Bay of Plenty,2001,Beef cattle,NA
Region,Bay of Plenty,2002,Beef cattle,134815
Region,Bay of Plenty,2003,Beef cattle,125305
Region,Bay of Plenty,2004,Beef cattle,116729
Region,Bay of Plenty,2005,Beef cattle,108344
Region,Bay of Plenty,2006,Beef cattle,117435
Region,Bay of Plenty,2007,Beef cattle,119743
Region,Bay of Plenty,2008,Beef cattle,102682
Region,Bay of Plenty,2009,Beef cattle,109541
Region,Bay of Plenty,2010,Beef cattle,82840
Region,Bay of Plenty,2011,Beef cattle,83793
Region,Bay of Plenty,2012,Beef cattle,93357
Region,Bay of Plenty,2013,Beef cattle,92984
Region,Bay of Plenty,2014,Beef cattle,87783
Region,Bay of Plenty,2015,Beef cattle,90768
Region,Bay of Plenty,2016,Beef cattle,92583
Region,Bay of Plenty,2017,Beef cattle,104751
Region,Bay of Plenty,2018,Beef cattle,96287
Region,Bay of Plenty,2019,Beef cattle,106802
Region,Canterbury,1990,Beef cattle,319538
Region,Canterbury,1991,Beef cattle,338972
Region,Canterbury,1992,Beef cattle,342562
Region,Canterbury,1993,Beef cattle,401509
Region,Canterbury,1994,Beef cattle,452832
Region,Canterbury,1995,Beef cattle,488099
Region,Canterbury,1996,Beef cattle,490087
Region,Canterbury,1997,Beef cattle,NA
Region,Canterbury,1998,Beef cattle,NA
Region,Canterbury,1999,Beef cattle,515657
Region,Canterbury,2000,Beef cattle,NA
Region,Canterbury,2001,Beef cattle,NA
Region,Canterbury,2002,Beef cattle,505461
Region,Canterbury,2003,Beef cattle,553846
Region,Canterbury,2004,Beef cattle,532238
Region,Canterbury,2005,Beef cattle,534176
Region,Canterbury,2006,Beef cattle,529952
Region,Canterbury,2007,Beef cattle,584806
Region,Canterbury,2008,Beef cattle,533665
Region,Canterbury,2009,Beef cattle,529467
Region,Canterbury,2010,Beef cattle,486385
Region,Canterbury,2011,Beef cattle,517760
Region,Canterbury,2012,Beef cattle,470746
Region,Canterbury,2013,Beef cattle,492844
Region,Canterbury,2014,Beef cattle,447244
Region,Canterbury,2015,Beef cattle,440598
Region,Canterbury,2016,Beef cattle,465462
Region,Canterbury,2017,Beef cattle,467550
Region,Canterbury,2018,Beef cattle,512260
Region,Canterbury,2019,Beef cattle,524587
Region,Chatham Islands,1990,Beef cattle,NA
Region,Chatham Islands,1991,Beef cattle,NA
Region,Chatham Islands,1992,Beef cattle,NA
Region,Chatham Islands,1993,Beef cattle,4919
Region,Chatham Islands,1994,Beef cattle,6472
Region,Chatham Islands,1995,Beef cattle,6942
Region,Chatham Islands,1996,Beef cattle,7565
Region,Chatham Islands,1997,Beef cattle,NA
Region,Chatham Islands,1998,Beef cattle,NA
Region,Chatham Islands,1999,Beef cattle,9190
Region,Chatham Islands,2000,Beef cattle,NA
Region,Chatham Islands,2001,Beef cattle,NA
Region,Chatham Islands,2002,Beef cattle,8863
Region,Chatham Islands,2003,Beef cattle,NA
Region,Chatham Islands,2004,Beef cattle,NA
Region,Chatham Islands,2005,Beef cattle,NA
Region,Chatham Islands,2006,Beef cattle,NA
Region,Chatham Islands,2007,Beef cattle,11905
Region,Chatham Islands,2008,Beef cattle,12327
Region,Chatham Islands,2009,Beef cattle,13374
Region,Chatham Islands,2010,Beef cattle,13809
Region,Chatham Islands,2011,Beef cattle,NA
Region,Chatham Islands,2012,Beef cattle,NA
Region,Chatham Islands,2013,Beef cattle,10050
Region,Chatham Islands,2014,Beef cattle,9926
Region,Chatham Islands,2015,Beef cattle,10462
Region,Chatham Islands,2016,Beef cattle,NA
Region,Chatham Islands,2017,Beef cattle,11299
Region,Chatham Islands,2018,Beef cattle,NA
Region,Chatham Islands,2019,Beef cattle,NA
Region,Gisborne,1990,Beef cattle,325936
Region,Gisborne,1991,Beef cattle,333294
Region,Gisborne,1992,Beef cattle,342974
Region,Gisborne,1993,Beef cattle,336584
Region,Gisborne,1994,Beef cattle,351384
Region,Gisborne,1995,Beef cattle,363858
Region,Gisborne,1996,Beef cattle,363676
Region,Gisborne,1997,Beef cattle,NA
Region,Gisborne,1998,Beef cattle,NA
Region,Gisborne,1999,Beef cattle,280676
Region,Gisborne,2000,Beef cattle,NA
Region,Gisborne,2001,Beef cattle,NA
Region,Gisborne,2002,Beef cattle,309823
Region,Gisborne,2003,Beef cattle,349913
Region,Gisborne,2004,Beef cattle,341676
Region,Gisborne,2005,Beef cattle,300670
Region,Gisborne,2006,Beef cattle,305050
Region,Gisborne,2007,Beef cattle,287296
Region,Gisborne,2008,Beef cattle,287079
Region,Gisborne,2009,Beef cattle,249657
Region,Gisborne,2010,Beef cattle,262073
Region,Gisborne,2011,Beef cattle,272017
Region,Gisborne,2012,Beef cattle,267599
Region,Gisborne,2013,Beef cattle,260456
Region,Gisborne,2014,Beef cattle,277484
Region,Gisborne,2015,Beef cattle,244826
Region,Gisborne,2016,Beef cattle,243273
Region,Gisborne,2017,Beef cattle,247238
Region,Gisborne,2018,Beef cattle,261384
Region,Gisborne,2019,Beef cattle,254428
Region,Hawke's Bay,1990,Beef cattle,427474
Region,Hawke's Bay,1991,Beef cattle,449307
Region,Hawke's Bay,1992,Beef cattle,478106
Region,Hawke's Bay,1993,Beef cattle,518074
Region,Hawke's Bay,1994,Beef cattle,522767
Region,Hawke's Bay,1995,Beef cattle,528187
Region,Hawke's Bay,1996,Beef cattle,523865
Region,Hawke's Bay,1997,Beef cattle,NA
Region,Hawke's Bay,1998,Beef cattle,NA
Region,Hawke's Bay,1999,Beef cattle,542003
Region,Hawke's Bay,2000,Beef cattle,NA
Region,Hawke's Bay,2001,Beef cattle,NA
Region,Hawke's Bay,2002,Beef cattle,555989
Region,Hawke's Bay,2003,Beef cattle,574403
Region,Hawke's Bay,2004,Beef cattle,612870
Region,Hawke's Bay,2005,Beef cattle,528513
Region,Hawke's Bay,2006,Beef cattle,528809
Region,Hawke's Bay,2007,Beef cattle,438366
Region,Hawke's Bay,2008,Beef cattle,493393
Region,Hawke's Bay,2009,Beef cattle,436207
Region,Hawke's Bay,2010,Beef cattle,454204
Region,Hawke's Bay,2011,Beef cattle,488087
Region,Hawke's Bay,2012,Beef cattle,471010
Region,Hawke's Bay,2013,Beef cattle,433768
Region,Hawke's Bay,2014,Beef cattle,441575
Region,Hawke's Bay,2015,Beef cattle,441919
Region,Hawke's Bay,2016,Beef cattle,434837
Region,Hawke's Bay,2017,Beef cattle,421163
Region,Hawke's Bay,2018,Beef cattle,428528
Region,Hawke's Bay,2019,Beef cattle,448764
Region,Manawatu-Whanganui,1990,Beef cattle,727996
Region,Manawatu-Whanganui,1991,Beef cattle,734107
Region,Manawatu-Whanganui,1992,Beef cattle,746035
Region,Manawatu-Whanganui,1993,Beef cattle,749512
Region,Manawatu-Whanganui,1994,Beef cattle,824881
Region,Manawatu-Whanganui,1995,Beef cattle,857170
Region,Manawatu-Whanganui,1996,Beef cattle,782984
Region,Manawatu-Whanganui,1997,Beef cattle,NA
Region,Manawatu-Whanganui,1998,Beef cattle,NA
Region,Manawatu-Whanganui,1999,Beef cattle,751898
Region,Manawatu-Whanganui,2000,Beef cattle,NA
Region,Manawatu-Whanganui,2001,Beef cattle,NA
Region,Manawatu-Whanganui,2002,Beef cattle,726306
Region,Manawatu-Whanganui,2003,Beef cattle,699264
Region,Manawatu-Whanganui,2004,Beef cattle,641607
Region,Manawatu-Whanganui,2005,Beef cattle,696501
Region,Manawatu-Whanganui,2006,Beef cattle,701871
Region,Manawatu-Whanganui,2007,Beef cattle,680960
Region,Manawatu-Whanganui,2008,Beef cattle,583129
Region,Manawatu-Whanganui,2009,Beef cattle,609701
Region,Manawatu-Whanganui,2010,Beef cattle,626533
Region,Manawatu-Whanganui,2011,Beef cattle,593632
Region,Manawatu-Whanganui,2012,Beef cattle,579565
Region,Manawatu-Whanganui,2013,Beef cattle,570144
Region,Manawatu-Whanganui,2014,Beef cattle,580988
Region,Manawatu-Whanganui,2015,Beef cattle,567333
Region,Manawatu-Whanganui,2016,Beef cattle,543526
Region,Manawatu-Whanganui,2017,Beef cattle,567856
Region,Manawatu-Whanganui,2018,Beef cattle,554018
Region,Manawatu-Whanganui,2019,Beef cattle,574889
Region,Marlborough,1990,Beef cattle,NA
Region,Marlborough,1991,Beef cattle,NA
Region,Marlborough,1992,Beef cattle,NA
Region,Marlborough,1993,Beef cattle,63569
Region,Marlborough,1994,Beef cattle,74456
Region,Marlborough,1995,Beef cattle,80354
Region,Marlborough,1996,Beef cattle,79081
Region,Marlborough,1997,Beef cattle,NA
Region,Marlborough,1998,Beef cattle,NA
Region,Marlborough,1999,Beef cattle,85018
Region,Marlborough,2000,Beef cattle,NA
Region,Marlborough,2001,Beef cattle,NA
Region,Marlborough,2002,Beef cattle,72479
Region,Marlborough,2003,Beef cattle,69955
Region,Marlborough,2004,Beef cattle,67063
Region,Marlborough,2005,Beef cattle,63620
Region,Marlborough,2006,Beef cattle,67830
Region,Marlborough,2007,Beef cattle,65768
Region,Marlborough,2008,Beef cattle,56859
Region,Marlborough,2009,Beef cattle,NA
Region,Marlborough,2010,Beef cattle,60852
Region,Marlborough,2011,Beef cattle,51103
Region,Marlborough,2012,Beef cattle,60127
Region,Marlborough,2013,Beef cattle,60172
Region,Marlborough,2014,Beef cattle,59967
Region,Marlborough,2015,Beef cattle,54266
Region,Marlborough,2016,Beef cattle,54063
Region,Marlborough,2017,Beef cattle,52448
Region,Marlborough,2018,Beef cattle,57389
Region,Marlborough,2019,Beef cattle,64217
Region,Nelson,1990,Beef cattle,NA
Region,Nelson,1991,Beef cattle,NA
Region,Nelson,1992,Beef cattle,NA
Region,Nelson,1993,Beef cattle,2727
Region,Nelson,1994,Beef cattle,1891
Region,Nelson,1995,Beef cattle,2162
Region,Nelson,1996,Beef cattle,NA
Region,Nelson,1997,Beef cattle,NA
Region,Nelson,1998,Beef cattle,NA
Region,Nelson,1999,Beef cattle,1844
Region,Nelson,2000,Beef cattle,NA
Region,Nelson,2001,Beef cattle,NA
Region,Nelson,2002,Beef cattle,2642
Region,Nelson,2003,Beef cattle,NA
Region,Nelson,2004,Beef cattle,3605
Region,Nelson,2005,Beef cattle,3665
Region,Nelson,2006,Beef cattle,2968
Region,Nelson,2007,Beef cattle,1298
Region,Nelson,2008,Beef cattle,1522
Region,Nelson,2009,Beef cattle,NA
Region,Nelson,2010,Beef cattle,1471
Region,Nelson,2011,Beef cattle,NA
Region,Nelson,2012,Beef cattle,NA
Region,Nelson,2013,Beef cattle,1206
Region,Nelson,2014,Beef cattle,1529
Region,Nelson,2015,Beef cattle,2490
Region,Nelson,2016,Beef cattle,1692
Region,Nelson,2017,Beef cattle,NA
Region,Nelson,2018,Beef cattle,1107
Region,Nelson,2019,Beef cattle,1566
Region,Nelson-Marlborough,1990,Beef cattle,141746
Region,Nelson-Marlborough,1991,Beef cattle,138452
Region,Nelson-Marlborough,1992,Beef cattle,139932
Region,Nelson-Marlborough,1993,Beef cattle,NA
Region,Nelson-Marlborough,1994,Beef cattle,NA
Region,Nelson-Marlborough,1995,Beef cattle,NA
Region,Nelson-Marlborough,1996,Beef cattle,NA
Region,Nelson-Marlborough,1997,Beef cattle,NA
Region,Nelson-Marlborough,1998,Beef cattle,NA
Region,Nelson-Marlborough,1999,Beef cattle,NA
Region,Nelson-Marlborough,2000,Beef cattle,NA
Region,Nelson-Marlborough,2001,Beef cattle,NA
Region,Nelson-Marlborough,2002,Beef cattle,NA
Region,Nelson-Marlborough,2003,Beef cattle,NA
Region,Nelson-Marlborough,2004,Beef cattle,NA
Region,Nelson-Marlborough,2005,Beef cattle,NA
Region,Nelson-Marlborough,2006,Beef cattle,NA
Region,Nelson-Marlborough,2007,Beef cattle,NA
Region,Nelson-Marlborough,2008,Beef cattle,NA
Region,Nelson-Marlborough,2009,Beef cattle,NA
Region,Nelson-Marlborough,2010,Beef cattle,NA
Region,Nelson-Marlborough,2011,Beef cattle,NA
Region,Nelson-Marlborough,2012,Beef cattle,NA
Region,Nelson-Marlborough,2013,Beef cattle,NA
Region,Nelson-Marlborough,2014,Beef cattle,NA
Region,Nelson-Marlborough,2015,Beef cattle,NA
Region,Nelson-Marlborough,2016,Beef cattle,NA
Region,Nelson-Marlborough,2017,Beef cattle,NA
Region,Nelson-Marlborough,2018,Beef cattle,NA
Region,Nelson-Marlborough,2019,Beef cattle,NA
Region,Northland,1990,Beef cattle,591815
Region,Northland,1991,Beef cattle,609552
Region,Northland,1992,Beef cattle,587335
Region,Northland,1993,Beef cattle,582568
Region,Northland,1994,Beef cattle,574072
Region,Northland,1995,Beef cattle,588005
Region,Northland,1996,Beef cattle,544411
Region,Northland,1997,Beef cattle,NA
Region,Northland,1998,Beef cattle,NA
Region,Northland,1999,Beef cattle,543395
Region,Northland,2000,Beef cattle,NA
Region,Northland,2001,Beef cattle,NA
Region,Northland,2002,Beef cattle,468432
Region,Northland,2003,Beef cattle,478201
Region,Northland,2004,Beef cattle,451849
Region,Northland,2005,Beef cattle,469262
Region,Northland,2006,Beef cattle,490788
Region,Northland,2007,Beef cattle,495833
Region,Northland,2008,Beef cattle,507540
Region,Northland,2009,Beef cattle,485231
Region,Northland,2010,Beef cattle,465169
Region,Northland,2011,Beef cattle,402434
Region,Northland,2012,Beef cattle,380719
Region,Northland,2013,Beef cattle,396376
Region,Northland,2014,Beef cattle,349850
Region,Northland,2015,Beef cattle,354569
Region,Northland,2016,Beef cattle,356823
Region,Northland,2017,Beef cattle,382957
Region,Northland,2018,Beef cattle,400489
Region,Northland,2019,Beef cattle,382124
Region,Otago,1990,Beef cattle,235617
Region,Otago,1991,Beef cattle,237654
Region,Otago,1992,Beef cattle,239513
Region,Otago,1993,Beef cattle,237967
Region,Otago,1994,Beef cattle,270422
Region,Otago,1995,Beef cattle,284347
Region,Otago,1996,Beef cattle,283683
Region,Otago,1997,Beef cattle,NA
Region,Otago,1998,Beef cattle,NA
Region,Otago,1999,Beef cattle,292449
Region,Otago,2000,Beef cattle,NA
Region,Otago,2001,Beef cattle,NA
Region,Otago,2002,Beef cattle,267091
Region,Otago,2003,Beef cattle,272551
Region,Otago,2004,Beef cattle,259911
Region,Otago,2005,Beef cattle,281842
Region,Otago,2006,Beef cattle,278269
Region,Otago,2007,Beef cattle,292355
Region,Otago,2008,Beef cattle,291234
Region,Otago,2009,Beef cattle,291585
Region,Otago,2010,Beef cattle,280997
Region,Otago,2011,Beef cattle,268322
Region,Otago,2012,Beef cattle,290398
Region,Otago,2013,Beef cattle,276545
Region,Otago,2014,Beef cattle,293251
Region,Otago,2015,Beef cattle,272686
Region,Otago,2016,Beef cattle,NA
Region,Otago,2017,Beef cattle,262823
Region,Otago,2018,Beef cattle,296414
Region,Otago,2019,Beef cattle,325432
Region,Southland,1990,Beef cattle,186533
Region,Southland,1991,Beef cattle,181037
Region,Southland,1992,Beef cattle,171851
Region,Southland,1993,Beef cattle,174537
Region,Southland,1994,Beef cattle,202538
Region,Southland,1995,Beef cattle,214326
Region,Southland,1996,Beef cattle,204107
Region,Southland,1997,Beef cattle,NA
Region,Southland,1998,Beef cattle,NA
Region,Southland,1999,Beef cattle,229830
Region,Southland,2000,Beef cattle,NA
Region,Southland,2001,Beef cattle,NA
Region,Southland,2002,Beef cattle,203670
Region,Southland,2003,Beef cattle,220042
Region,Southland,2004,Beef cattle,216523
Region,Southland,2005,Beef cattle,202326
Region,Southland,2006,Beef cattle,204632
Region,Southland,2007,Beef cattle,207588
Region,Southland,2008,Beef cattle,190562
Region,Southland,2009,Beef cattle,214927
Region,Southland,2010,Beef cattle,186157
Region,Southland,2011,Beef cattle,173798
Region,Southland,2012,Beef cattle,172150
Region,Southland,2013,Beef cattle,168031
Region,Southland,2014,Beef cattle,173957
Region,Southland,2015,Beef cattle,164718
Region,Southland,2016,Beef cattle,169251
Region,Southland,2017,Beef cattle,175201
Region,Southland,2018,Beef cattle,172338
Region,Southland,2019,Beef cattle,191503
Region,Taranaki,1990,Beef cattle,174388
Region,Taranaki,1991,Beef cattle,174211
Region,Taranaki,1992,Beef cattle,170772
Region,Taranaki,1993,Beef cattle,160288
Region,Taranaki,1994,Beef cattle,172784
Region,Taranaki,1995,Beef cattle,168260
Region,Taranaki,1996,Beef cattle,141753
Region,Taranaki,1997,Beef cattle,NA
Region,Taranaki,1998,Beef cattle,NA
Region,Taranaki,1999,Beef cattle,122966
Region,Taranaki,2000,Beef cattle,NA
Region,Taranaki,2001,Beef cattle,NA
Region,Taranaki,2002,Beef cattle,127218
Region,Taranaki,2003,Beef cattle,121184
Region,Taranaki,2004,Beef cattle,122957
Region,Taranaki,2005,Beef cattle,130935
Region,Taranaki,2006,Beef cattle,129368
Region,Taranaki,2007,Beef cattle,136715
Region,Taranaki,2008,Beef cattle,132092
Region,Taranaki,2009,Beef cattle,126336
Region,Taranaki,2010,Beef cattle,133687
Region,Taranaki,2011,Beef cattle,118632
Region,Taranaki,2012,Beef cattle,103546
Region,Taranaki,2013,Beef cattle,118526
Region,Taranaki,2014,Beef cattle,129775
Region,Taranaki,2015,Beef cattle,128274
Region,Taranaki,2016,Beef cattle,106619
Region,Taranaki,2017,Beef cattle,117954
Region,Taranaki,2018,Beef cattle,116437
Region,Taranaki,2019,Beef cattle,125144
Region,Tasman,1990,Beef cattle,NA
Region,Tasman,1991,Beef cattle,NA
Region,Tasman,1992,Beef cattle,NA
Region,Tasman,1993,Beef cattle,57069
Region,Tasman,1994,Beef cattle,64453
Region,Tasman,1995,Beef cattle,64896
Region,Tasman,1996,Beef cattle,60432
Region,Tasman,1997,Beef cattle,NA
Region,Tasman,1998,Beef cattle,NA
Region,Tasman,1999,Beef cattle,57322
Region,Tasman,2000,Beef cattle,NA
Region,Tasman,2001,Beef cattle,NA
Region,Tasman,2002,Beef cattle,49032
Region,Tasman,2003,Beef cattle,56155
Region,Tasman,2004,Beef cattle,46223
Region,Tasman,2005,Beef cattle,45222
Region,Tasman,2006,Beef cattle,45759
Region,Tasman,2007,Beef cattle,51428
Region,Tasman,2008,Beef cattle,49869
Region,Tasman,2009,Beef cattle,59543
Region,Tasman,2010,Beef cattle,49783
Region,Tasman,2011,Beef cattle,46355
Region,Tasman,2012,Beef cattle,40149
Region,Tasman,2013,Beef cattle,42268
Region,Tasman,2014,Beef cattle,38788
Region,Tasman,2015,Beef cattle,41531
Region,Tasman,2016,Beef cattle,NA
Region,Tasman,2017,Beef cattle,39805
Region,Tasman,2018,Beef cattle,31913
Region,Tasman,2019,Beef cattle,36912
Region,Waikato,1990,Beef cattle,758382
Region,Waikato,1991,Beef cattle,763766
Region,Waikato,1992,Beef cattle,748040
Region,Waikato,1993,Beef cattle,854156
Region,Waikato,1994,Beef cattle,869939
Region,Waikato,1995,Beef cattle,864223
Region,Waikato,1996,Beef cattle,771586
Region,Waikato,1997,Beef cattle,NA
Region,Waikato,1998,Beef cattle,NA
Region,Waikato,1999,Beef cattle,679406
Region,Waikato,2000,Beef cattle,NA
Region,Waikato,2001,Beef cattle,NA
Region,Waikato,2002,Beef cattle,666884
Region,Waikato,2003,Beef cattle,696233
Region,Waikato,2004,Beef cattle,653108
Region,Waikato,2005,Beef cattle,676599
Region,Waikato,2006,Beef cattle,661261
Region,Waikato,2007,Beef cattle,676584
Region,Waikato,2008,Beef cattle,576461
Region,Waikato,2009,Beef cattle,598002
Region,Waikato,2010,Beef cattle,535350
Region,Waikato,2011,Beef cattle,515358
Region,Waikato,2012,Beef cattle,505869
Region,Waikato,2013,Beef cattle,501614
Region,Waikato,2014,Beef cattle,469331
Region,Waikato,2015,Beef cattle,463518
Region,Waikato,2016,Beef cattle,498662
Region,Waikato,2017,Beef cattle,488033
Region,Waikato,2018,Beef cattle,517191
Region,Waikato,2019,Beef cattle,546980
Region,Wellington,1990,Beef cattle,165443
Region,Wellington,1991,Beef cattle,173588
Region,Wellington,1992,Beef cattle,187491
Region,Wellington,1993,Beef cattle,196900
Region,Wellington,1994,Beef cattle,212679
Region,Wellington,1995,Beef cattle,218939
Region,Wellington,1996,Beef cattle,201807
Region,Wellington,1997,Beef cattle,NA
Region,Wellington,1998,Beef cattle,NA
Region,Wellington,1999,Beef cattle,181889
Region,Wellington,2000,Beef cattle,NA
Region,Wellington,2001,Beef cattle,NA
Region,Wellington,2002,Beef cattle,181320
Region,Wellington,2003,Beef cattle,176290
Region,Wellington,2004,Beef cattle,174206
Region,Wellington,2005,Beef cattle,171035
Region,Wellington,2006,Beef cattle,176204
Region,Wellington,2007,Beef cattle,155910
Region,Wellington,2008,Beef cattle,140381
Region,Wellington,2009,Beef cattle,146794
Region,Wellington,2010,Beef cattle,143398
Region,Wellington,2011,Beef cattle,150561
Region,Wellington,2012,Beef cattle,140420
Region,Wellington,2013,Beef cattle,131471
Region,Wellington,2014,Beef cattle,148369
Region,Wellington,2015,Beef cattle,121431
Region,Wellington,2016,Beef cattle,110801
Region,Wellington,2017,Beef cattle,134924
Region,Wellington,2018,Beef cattle,131828
Region,Wellington,2019,Beef cattle,149976
Region,West Coast,1990,Beef cattle,73491
Region,West Coast,1991,Beef cattle,72511
Region,West Coast,1992,Beef cattle,70030
Region,West Coast,1993,Beef cattle,70148
Region,West Coast,1994,Beef cattle,67733
Region,West Coast,1995,Beef cattle,65975
Region,West Coast,1996,Beef cattle,59931
Region,West Coast,1997,Beef cattle,NA
Region,West Coast,1998,Beef cattle,NA
Region,West Coast,1999,Beef cattle,52364
Region,West Coast,2000,Beef cattle,NA
Region,West Coast,2001,Beef cattle,NA
Region,West Coast,2002,Beef cattle,38908
Region,West Coast,2003,Beef cattle,36968
Region,West Coast,2004,Beef cattle,31274
Region,West Coast,2005,Beef cattle,32275
Region,West Coast,2006,Beef cattle,37097
Region,West Coast,2007,Beef cattle,30275
Region,West Coast,2008,Beef cattle,34713
Region,West Coast,2009,Beef cattle,35892
Region,West Coast,2010,Beef cattle,31816
Region,West Coast,2011,Beef cattle,29531
Region,West Coast,2012,Beef cattle,29002
Region,West Coast,2013,Beef cattle,26242
Region,West Coast,2014,Beef cattle,40777
Region,West Coast,2015,Beef cattle,36547
Region,West Coast,2016,Beef cattle,31902
Region,West Coast,2017,Beef cattle,27422
Region,West Coast,2018,Beef cattle,25376
Region,West Coast,2019,Beef cattle,31361
New Zealand,New Zealand,1971,Dairy cattle,3198000
New Zealand,New Zealand,1972,Dairy cattle,3288000
New Zealand,New Zealand,1973,Dairy cattle,3159000
New Zealand,New Zealand,1974,Dairy cattle,3074000
New Zealand,New Zealand,1975,Dairy cattle,2998000
New Zealand,New Zealand,1976,Dairy cattle,2930000
New Zealand,New Zealand,1977,Dairy cattle,2899000
New Zealand,New Zealand,1978,Dairy cattle,2910736
New Zealand,New Zealand,1979,Dairy cattle,2900089
New Zealand,New Zealand,1980,Dairy cattle,2968953
New Zealand,New Zealand,1981,Dairy cattle,2922049
New Zealand,New Zealand,1982,Dairy cattle,3006664
New Zealand,New Zealand,1983,Dairy cattle,3133923
New Zealand,New Zealand,1984,Dairy cattle,3245524
New Zealand,New Zealand,1985,Dairy cattle,3308030
New Zealand,New Zealand,1986,Dairy cattle,3398291
New Zealand,New Zealand,1987,Dairy cattle,3194780
New Zealand,New Zealand,1988,Dairy cattle,3199730
New Zealand,New Zealand,1989,Dairy cattle,3302377
New Zealand,New Zealand,1990,Dairy cattle,3440815
New Zealand,New Zealand,1991,Dairy cattle,3429427
New Zealand,New Zealand,1992,Dairy cattle,3467824
New Zealand,New Zealand,1993,Dairy cattle,3550140
New Zealand,New Zealand,1994,Dairy cattle,3839184
New Zealand,New Zealand,1995,Dairy cattle,4089817
New Zealand,New Zealand,1996,Dairy cattle,4165098
New Zealand,New Zealand,1997,Dairy cattle,NA
New Zealand,New Zealand,1998,Dairy cattle,NA
New Zealand,New Zealand,1999,Dairy cattle,4316409
New Zealand,New Zealand,2000,Dairy cattle,NA
New Zealand,New Zealand,2001,Dairy cattle,NA
New Zealand,New Zealand,2002,Dairy cattle,5161589
New Zealand,New Zealand,2003,Dairy cattle,5101603
New Zealand,New Zealand,2004,Dairy cattle,5152492
New Zealand,New Zealand,2005,Dairy cattle,5087176
New Zealand,New Zealand,2006,Dairy cattle,5169557
New Zealand,New Zealand,2007,Dairy cattle,5260850
New Zealand,New Zealand,2008,Dairy cattle,5578440
New Zealand,New Zealand,2009,Dairy cattle,5860776
New Zealand,New Zealand,2010,Dairy cattle,5915452
New Zealand,New Zealand,2011,Dairy cattle,6174503
New Zealand,New Zealand,2012,Dairy cattle,6445681
New Zealand,New Zealand,2013,Dairy cattle,6483600
New Zealand,New Zealand,2014,Dairy cattle,6698326
New Zealand,New Zealand,2015,Dairy cattle,6485535
New Zealand,New Zealand,2016,Dairy cattle,6618800
New Zealand,New Zealand,2017,Dairy cattle,6529811
New Zealand,New Zealand,2018,Dairy cattle,6385541
New Zealand,New Zealand,2019,Dairy cattle,6260895
Region,Auckland,1990,Dairy cattle,229711
Region,Auckland,1991,Dairy cattle,226738
Region,Auckland,1992,Dairy cattle,226749
Region,Auckland,1993,Dairy cattle,168163
Region,Auckland,1994,Dairy cattle,168754
Region,Auckland,1995,Dairy cattle,175952
Region,Auckland,1996,Dairy cattle,162334
Region,Auckland,1997,Dairy cattle,NA
Region,Auckland,1998,Dairy cattle,NA
Region,Auckland,1999,Dairy cattle,131967
Region,Auckland,2000,Dairy cattle,NA
Region,Auckland,2001,Dairy cattle,NA
Region,Auckland,2002,Dairy cattle,150089
Region,Auckland,2003,Dairy cattle,167559
Region,Auckland,2004,Dairy cattle,141618
Region,Auckland,2005,Dairy cattle,122015
Region,Auckland,2006,Dairy cattle,122234
Region,Auckland,2007,Dairy cattle,113344
Region,Auckland,2008,Dairy cattle,115883
Region,Auckland,2009,Dairy cattle,94391
Region,Auckland,2010,Dairy cattle,98416
Region,Auckland,2011,Dairy cattle,129768
Region,Auckland,2012,Dairy cattle,117281
Region,Auckland,2013,Dairy cattle,110288
Region,Auckland,2014,Dairy cattle,100086
Region,Auckland,2015,Dairy cattle,124668
Region,Auckland,2016,Dairy cattle,NA
Region,Auckland,2017,Dairy cattle,132323
Region,Auckland,2018,Dairy cattle,116199
Region,Auckland,2019,Dairy cattle,123504
Region,Bay of Plenty,1990,Dairy cattle,337610
Region,Bay of Plenty,1991,Dairy cattle,337854
Region,Bay of Plenty,1992,Dairy cattle,338577
Region,Bay of Plenty,1993,Dairy cattle,267983
Region,Bay of Plenty,1994,Dairy cattle,285752
Region,Bay of Plenty,1995,Dairy cattle,306655
Region,Bay of Plenty,1996,Dairy cattle,318634
Region,Bay of Plenty,1997,Dairy cattle,NA
Region,Bay of Plenty,1998,Dairy cattle,NA
Region,Bay of Plenty,1999,Dairy cattle,346255
Region,Bay of Plenty,2000,Dairy cattle,NA
Region,Bay of Plenty,2001,Dairy cattle,NA
Region,Bay of Plenty,2002,Dairy cattle,331410
Region,Bay of Plenty,2003,Dairy cattle,326885
Region,Bay of Plenty,2004,Dairy cattle,320923
Region,Bay of Plenty,2005,Dairy cattle,329776
Region,Bay of Plenty,2006,Dairy cattle,300509
Region,Bay of Plenty,2007,Dairy cattle,299013
Region,Bay of Plenty,2008,Dairy cattle,315183
Region,Bay of Plenty,2009,Dairy cattle,299696
Region,Bay of Plenty,2010,Dairy cattle,306884
Region,Bay of Plenty,2011,Dairy cattle,331536
Region,Bay of Plenty,2012,Dairy cattle,312326
Region,Bay of Plenty,2013,Dairy cattle,314679
Region,Bay of Plenty,2014,Dairy cattle,333375
Region,Bay of Plenty,2015,Dairy cattle,357039
Region,Bay of Plenty,2016,Dairy cattle,339170
Region,Bay of Plenty,2017,Dairy cattle,325175
Region,Bay of Plenty,2018,Dairy cattle,306711
Region,Bay of Plenty,2019,Dairy cattle,317633
Region,Canterbury,1990,Dairy cattle,112999
Region,Canterbury,1991,Dairy cattle,120387
Region,Canterbury,1992,Dairy cattle,127386
Region,Canterbury,1993,Dairy cattle,169249
Region,Canterbury,1994,Dairy cattle,212492
Region,Canterbury,1995,Dairy cattle,239138
Region,Canterbury,1996,Dairy cattle,246230
Region,Canterbury,1997,Dairy cattle,NA
Region,Canterbury,1998,Dairy cattle,NA
Region,Canterbury,1999,Dairy cattle,275305
Region,Canterbury,2000,Dairy cattle,NA
Region,Canterbury,2001,Dairy cattle,NA
Region,Canterbury,2002,Dairy cattle,542610
Region,Canterbury,2003,Dairy cattle,556339
Region,Canterbury,2004,Dairy cattle,599643
Region,Canterbury,2005,Dairy cattle,604756
Region,Canterbury,2006,Dairy cattle,655676
Region,Canterbury,2007,Dairy cattle,754937
Region,Canterbury,2008,Dairy cattle,831666
Region,Canterbury,2009,Dairy cattle,918480
Region,Canterbury,2010,Dairy cattle,938453
Region,Canterbury,2011,Dairy cattle,1006742
Region,Canterbury,2012,Dairy cattle,1200293
Region,Canterbury,2013,Dairy cattle,1304618
Region,Canterbury,2014,Dairy cattle,1333220
Region,Canterbury,2015,Dairy cattle,1253993
Region,Canterbury,2016,Dairy cattle,1271057
Region,Canterbury,2017,Dairy cattle,1308058
Region,Canterbury,2018,Dairy cattle,1326513
Region,Canterbury,2019,Dairy cattle,1212575
Region,Chatham Islands,1990,Dairy cattle,NA
Region,Chatham Islands,1991,Dairy cattle,NA
Region,Chatham Islands,1992,Dairy cattle,NA
Region,Chatham Islands,1993,Dairy cattle,19
Region,Chatham Islands,1994,Dairy cattle,68
Region,Chatham Islands,1995,Dairy cattle,NA
Region,Chatham Islands,1996,Dairy cattle,NA
Region,Chatham Islands,1997,Dairy cattle,NA
Region,Chatham Islands,1998,Dairy cattle,NA
Region,Chatham Islands,1999,Dairy cattle,NA
Region,Chatham Islands,2000,Dairy cattle,NA
Region,Chatham Islands,2001,Dairy cattle,NA
Region,Chatham Islands,2002,Dairy cattle,NA
Region,Chatham Islands,2003,Dairy cattle,NA
Region,Chatham Islands,2004,Dairy cattle,NA
Region,Chatham Islands,2005,Dairy cattle,NA
Region,Chatham Islands,2006,Dairy cattle,NA
Region,Chatham Islands,2007,Dairy cattle,NA
Region,Chatham Islands,2008,Dairy cattle,NA
Region,Chatham Islands,2009,Dairy cattle,NA
Region,Chatham Islands,2010,Dairy cattle,NA
Region,Chatham Islands,2011,Dairy cattle,NA
Region,Chatham Islands,2012,Dairy cattle,NA
Region,Chatham Islands,2013,Dairy cattle,NA
Region,Chatham Islands,2014,Dairy cattle,NA
Region,Chatham Islands,2015,Dairy cattle,NA
Region,Chatham Islands,2016,Dairy cattle,NA
Region,Chatham Islands,2017,Dairy cattle,52
Region,Chatham Islands,2018,Dairy cattle,NA
Region,Chatham Islands,2019,Dairy cattle,NA
Region,Gisborne,1990,Dairy cattle,3719
Region,Gisborne,1991,Dairy cattle,3895
Region,Gisborne,1992,Dairy cattle,3290
Region,Gisborne,1993,Dairy cattle,4203
Region,Gisborne,1994,Dairy cattle,6226
Region,Gisborne,1995,Dairy cattle,7022
Region,Gisborne,1996,Dairy cattle,9151
Region,Gisborne,1997,Dairy cattle,NA
Region,Gisborne,1998,Dairy cattle,NA
Region,Gisborne,1999,Dairy cattle,5765
Region,Gisborne,2000,Dairy cattle,NA
Region,Gisborne,2001,Dairy cattle,NA
Region,Gisborne,2002,Dairy cattle,12533
Region,Gisborne,2003,Dairy cattle,6969
Region,Gisborne,2004,Dairy cattle,NA
Region,Gisborne,2005,Dairy cattle,NA
Region,Gisborne,2006,Dairy cattle,NA
Region,Gisborne,2007,Dairy cattle,7891
Region,Gisborne,2008,Dairy cattle,16432
Region,Gisborne,2009,Dairy cattle,NA
Region,Gisborne,2010,Dairy cattle,10535
Region,Gisborne,2011,Dairy cattle,17806
Region,Gisborne,2012,Dairy cattle,17095
Region,Gisborne,2013,Dairy cattle,19332
Region,Gisborne,2014,Dairy cattle,15153
Region,Gisborne,2015,Dairy cattle,10341
Region,Gisborne,2016,Dairy cattle,NA
Region,Gisborne,2017,Dairy cattle,9407
Region,Gisborne,2018,Dairy cattle,NA
Region,Gisborne,2019,Dairy cattle,NA
Region,Hawke's Bay,1990,Dairy cattle,13532
Region,Hawke's Bay,1991,Dairy cattle,14172
Region,Hawke's Bay,1992,Dairy cattle,17114
Region,Hawke's Bay,1993,Dairy cattle,18845
Region,Hawke's Bay,1994,Dairy cattle,31707
Region,Hawke's Bay,1995,Dairy cattle,30955
Region,Hawke's Bay,1996,Dairy cattle,35898
Region,Hawke's Bay,1997,Dairy cattle,NA
Region,Hawke's Bay,1998,Dairy cattle,NA
Region,Hawke's Bay,1999,Dairy cattle,44852
Region,Hawke's Bay,2000,Dairy cattle,NA
Region,Hawke's Bay,2001,Dairy cattle,NA
Region,Hawke's Bay,2002,Dairy cattle,88982
Region,Hawke's Bay,2003,Dairy cattle,92852
Region,Hawke's Bay,2004,Dairy cattle,91786
Region,Hawke's Bay,2005,Dairy cattle,82772
Region,Hawke's Bay,2006,Dairy cattle,79419
Region,Hawke's Bay,2007,Dairy cattle,80200
Region,Hawke's Bay,2008,Dairy cattle,99931
Region,Hawke's Bay,2009,Dairy cattle,93871
Region,Hawke's Bay,2010,Dairy cattle,113465
Region,Hawke's Bay,2011,Dairy cattle,90655
Region,Hawke's Bay,2012,Dairy cattle,93047
Region,Hawke's Bay,2013,Dairy cattle,95098
Region,Hawke's Bay,2014,Dairy cattle,98100
Region,Hawke's Bay,2015,Dairy cattle,81738
Region,Hawke's Bay,2016,Dairy cattle,90854
Region,Hawke's Bay,2017,Dairy cattle,87675
Region,Hawke's Bay,2018,Dairy cattle,87267
Region,Hawke's Bay,2019,Dairy cattle,78002
Region,Manawatu-Whanganui,1990,Dairy cattle,255205
Region,Manawatu-Whanganui,1991,Dairy cattle,255837
Region,Manawatu-Whanganui,1992,Dairy cattle,261324
Region,Manawatu-Whanganui,1993,Dairy cattle,274541
Region,Manawatu-Whanganui,1994,Dairy cattle,308022
Region,Manawatu-Whanganui,1995,Dairy cattle,324097
Region,Manawatu-Whanganui,1996,Dairy cattle,324459
Region,Manawatu-Whanganui,1997,Dairy cattle,NA
Region,Manawatu-Whanganui,1998,Dairy cattle,NA
Region,Manawatu-Whanganui,1999,Dairy cattle,329325
Region,Manawatu-Whanganui,2000,Dairy cattle,NA
Region,Manawatu-Whanganui,2001,Dairy cattle,NA
Region,Manawatu-Whanganui,2002,Dairy cattle,416802
Region,Manawatu-Whanganui,2003,Dairy cattle,408986
Region,Manawatu-Whanganui,2004,Dairy cattle,381464
Region,Manawatu-Whanganui,2005,Dairy cattle,410765
Region,Manawatu-Whanganui,2006,Dairy cattle,390125
Region,Manawatu-Whanganui,2007,Dairy cattle,393453
Region,Manawatu-Whanganui,2008,Dairy cattle,425484
Region,Manawatu-Whanganui,2009,Dairy cattle,424880
Region,Manawatu-Whanganui,2010,Dairy cattle,478514
Region,Manawatu-Whanganui,2011,Dairy cattle,472992
Region,Manawatu-Whanganui,2012,Dairy cattle,475466
Region,Manawatu-Whanganui,2013,Dairy cattle,448030
Region,Manawatu-Whanganui,2014,Dairy cattle,481249
Region,Manawatu-Whanganui,2015,Dairy cattle,451421
Region,Manawatu-Whanganui,2016,Dairy cattle,NA
Region,Manawatu-Whanganui,2017,Dairy cattle,463057
Region,Manawatu-Whanganui,2018,Dairy cattle,486470
Region,Manawatu-Whanganui,2019,Dairy cattle,467626
Region,Marlborough,1990,Dairy cattle,NA
Region,Marlborough,1991,Dairy cattle,NA
Region,Marlborough,1992,Dairy cattle,NA
Region,Marlborough,1993,Dairy cattle,18123
Region,Marlborough,1994,Dairy cattle,22648
Region,Marlborough,1995,Dairy cattle,24035
Region,Marlborough,1996,Dairy cattle,24935
Region,Marlborough,1997,Dairy cattle,NA
Region,Marlborough,1998,Dairy cattle,NA
Region,Marlborough,1999,Dairy cattle,33018
Region,Marlborough,2000,Dairy cattle,NA
Region,Marlborough,2001,Dairy cattle,NA
Region,Marlborough,2002,Dairy cattle,32526
Region,Marlborough,2003,Dairy cattle,28233
Region,Marlborough,2004,Dairy cattle,26831
Region,Marlborough,2005,Dairy cattle,30604
Region,Marlborough,2006,Dairy cattle,25783
Region,Marlborough,2007,Dairy cattle,23899
Region,Marlborough,2008,Dairy cattle,33544
Region,Marlborough,2009,Dairy cattle,NA
Region,Marlborough,2010,Dairy cattle,25980
Region,Marlborough,2011,Dairy cattle,30012
Region,Marlborough,2012,Dairy cattle,33218
Region,Marlborough,2013,Dairy cattle,27811
Region,Marlborough,2014,Dairy cattle,40945
Region,Marlborough,2015,Dairy cattle,27040
Region,Marlborough,2016,Dairy cattle,25148
Region,Marlborough,2017,Dairy cattle,25315
Region,Marlborough,2018,Dairy cattle,NA
Region,Marlborough,2019,Dairy cattle,18223
Region,Nelson,1990,Dairy cattle,NA
Region,Nelson,1991,Dairy cattle,NA
Region,Nelson,1992,Dairy cattle,NA
Region,Nelson,1993,Dairy cattle,1304
Region,Nelson,1994,Dairy cattle,1412
Region,Nelson,1995,Dairy cattle,NA
Region,Nelson,1996,Dairy cattle,NA
Region,Nelson,1997,Dairy cattle,NA
Region,Nelson,1998,Dairy cattle,NA
Region,Nelson,1999,Dairy cattle,NA
Region,Nelson,2000,Dairy cattle,NA
Region,Nelson,2001,Dairy cattle,NA
Region,Nelson,2002,Dairy cattle,NA
Region,Nelson,2003,Dairy cattle,NA
Region,Nelson,2004,Dairy cattle,NA
Region,Nelson,2005,Dairy cattle,NA
Region,Nelson,2006,Dairy cattle,NA
Region,Nelson,2007,Dairy cattle,1862
Region,Nelson,2008,Dairy cattle,NA
Region,Nelson,2009,Dairy cattle,NA
Region,Nelson,2010,Dairy cattle,NA
Region,Nelson,2011,Dairy cattle,NA
Region,Nelson,2012,Dairy cattle,NA
Region,Nelson,2013,Dairy cattle,1259
Region,Nelson,2014,Dairy cattle,NA
Region,Nelson,2015,Dairy cattle,8459
Region,Nelson,2016,Dairy cattle,2330
Region,Nelson,2017,Dairy cattle,2925
Region,Nelson,2018,Dairy cattle,NA
Region,Nelson,2019,Dairy cattle,NA
Region,Nelson-Marlborough,1990,Dairy cattle,70685
Region,Nelson-Marlborough,1991,Dairy cattle,72542
Region,Nelson-Marlborough,1992,Dairy cattle,74410
Region,Nelson-Marlborough,1993,Dairy cattle,NA
Region,Nelson-Marlborough,1994,Dairy cattle,NA
Region,Nelson-Marlborough,1995,Dairy cattle,NA
Region,Nelson-Marlborough,1996,Dairy cattle,NA
Region,Nelson-Marlborough,1997,Dairy cattle,NA
Region,Nelson-Marlborough,1998,Dairy cattle,NA
Region,Nelson-Marlborough,1999,Dairy cattle,NA
Region,Nelson-Marlborough,2000,Dairy cattle,NA
Region,Nelson-Marlborough,2001,Dairy cattle,NA
Region,Nelson-Marlborough,2002,Dairy cattle,NA
Region,Nelson-Marlborough,2003,Dairy cattle,NA
Region,Nelson-Marlborough,2004,Dairy cattle,NA
Region,Nelson-Marlborough,2005,Dairy cattle,NA
Region,Nelson-Marlborough,2006,Dairy cattle,NA
Region,Nelson-Marlborough,2007,Dairy cattle,NA
Region,Nelson-Marlborough,2008,Dairy cattle,NA
Region,Nelson-Marlborough,2009,Dairy cattle,NA
Region,Nelson-Marlborough,2010,Dairy cattle,NA
Region,Nelson-Marlborough,2011,Dairy cattle,NA
Region,Nelson-Marlborough,2012,Dairy cattle,NA
Region,Nelson-Marlborough,2013,Dairy cattle,NA
Region,Nelson-Marlborough,2014,Dairy cattle,NA
Region,Nelson-Marlborough,2015,Dairy cattle,NA
Region,Nelson-Marlborough,2016,Dairy cattle,NA
Region,Nelson-Marlborough,2017,Dairy cattle,NA
Region,Nelson-Marlborough,2018,Dairy cattle,NA
Region,Nelson-Marlborough,2019,Dairy cattle,NA
Region,Northland,1990,Dairy cattle,368983
Region,Northland,1991,Dairy cattle,362547
Region,Northland,1992,Dairy cattle,361063
Region,Northland,1993,Dairy cattle,355647
Region,Northland,1994,Dairy cattle,356561
Region,Northland,1995,Dairy cattle,394986
Region,Northland,1996,Dairy cattle,402230
Region,Northland,1997,Dairy cattle,NA
Region,Northland,1998,Dairy cattle,NA
Region,Northland,1999,Dairy cattle,386640
Region,Northland,2000,Dairy cattle,NA
Region,Northland,2001,Dairy cattle,NA
Region,Northland,2002,Dairy cattle,405387
Region,Northland,2003,Dairy cattle,374019
Region,Northland,2004,Dairy cattle,399064
Region,Northland,2005,Dairy cattle,343195
Region,Northland,2006,Dairy cattle,378152
Region,Northland,2007,Dairy cattle,367183
Region,Northland,2008,Dairy cattle,392193
Region,Northland,2009,Dairy cattle,392577
Region,Northland,2010,Dairy cattle,353314
Region,Northland,2011,Dairy cattle,384636
Region,Northland,2012,Dairy cattle,397764
Region,Northland,2013,Dairy cattle,383057
Region,Northland,2014,Dairy cattle,352834
Region,Northland,2015,Dairy cattle,380616
Region,Northland,2016,Dairy cattle,404415
Region,Northland,2017,Dairy cattle,379401
Region,Northland,2018,Dairy cattle,367281
Region,Northland,2019,Dairy cattle,334733
Region,Otago,1990,Dairy cattle,43775
Region,Otago,1991,Dairy cattle,46461
Region,Otago,1992,Dairy cattle,49996
Region,Otago,1993,Dairy cattle,55854
Region,Otago,1994,Dairy cattle,82173
Region,Otago,1995,Dairy cattle,87768
Region,Otago,1996,Dairy cattle,96695
Region,Otago,1997,Dairy cattle,NA
Region,Otago,1998,Dairy cattle,NA
Region,Otago,1999,Dairy cattle,124690
Region,Otago,2000,Dairy cattle,NA
Region,Otago,2001,Dairy cattle,NA
Region,Otago,2002,Dairy cattle,204802
Region,Otago,2003,Dairy cattle,181484
Region,Otago,2004,Dairy cattle,174253
Region,Otago,2005,Dairy cattle,161616
Region,Otago,2006,Dairy cattle,180734
Region,Otago,2007,Dairy cattle,218264
Region,Otago,2008,Dairy cattle,232905
Region,Otago,2009,Dairy cattle,257049
Region,Otago,2010,Dairy cattle,262417
Region,Otago,2011,Dairy cattle,307817
Region,Otago,2012,Dairy cattle,336278
Region,Otago,2013,Dairy cattle,367292
Region,Otago,2014,Dairy cattle,376743
Region,Otago,2015,Dairy cattle,384979
Region,Otago,2016,Dairy cattle,312087
Region,Otago,2017,Dairy cattle,333850
Region,Otago,2018,Dairy cattle,331151
Region,Otago,2019,Dairy cattle,352639
Region,Southland,1990,Dairy cattle,37772
Region,Southland,1991,Dairy cattle,43956
Region,Southland,1992,Dairy cattle,52762
Region,Southland,1993,Dairy cattle,70910
Region,Southland,1994,Dairy cattle,114378
Region,Southland,1995,Dairy cattle,125806
Region,Southland,1996,Dairy cattle,137552
Region,Southland,1997,Dairy cattle,NA
Region,Southland,1998,Dairy cattle,NA
Region,Southland,1999,Dairy cattle,232966
Region,Southland,2000,Dairy cattle,NA
Region,Southland,2001,Dairy cattle,NA
Region,Southland,2002,Dairy cattle,356220
Region,Southland,2003,Dairy cattle,347793
Region,Southland,2004,Dairy cattle,349021
Region,Southland,2005,Dairy cattle,348075
Region,Southland,2006,Dairy cattle,375911
Region,Southland,2007,Dairy cattle,432642
Region,Southland,2008,Dairy cattle,495971
Region,Southland,2009,Dairy cattle,589184
Region,Southland,2010,Dairy cattle,599198
Region,Southland,2011,Dairy cattle,614648
Region,Southland,2012,Dairy cattle,670581
Region,Southland,2013,Dairy cattle,615428
Region,Southland,2014,Dairy cattle,700039
Region,Southland,2015,Dairy cattle,731209
Region,Southland,2016,Dairy cattle,708895
Region,Southland,2017,Dairy cattle,681011
Region,Southland,2018,Dairy cattle,NA
Region,Southland,2019,Dairy cattle,636241
Region,Taranaki,1990,Dairy cattle,563115
Region,Taranaki,1991,Dairy cattle,561149
Region,Taranaki,1992,Dairy cattle,572227
Region,Taranaki,1993,Dairy cattle,562096
Region,Taranaki,1994,Dairy cattle,599083
Region,Taranaki,1995,Dairy cattle,618543
Region,Taranaki,1996,Dairy cattle,613697
Region,Taranaki,1997,Dairy cattle,NA
Region,Taranaki,1998,Dairy cattle,NA
Region,Taranaki,1999,Dairy cattle,608315
Region,Taranaki,2000,Dairy cattle,NA
Region,Taranaki,2001,Dairy cattle,NA
Region,Taranaki,2002,Dairy cattle,651700
Region,Taranaki,2003,Dairy cattle,623459
Region,Taranaki,2004,Dairy cattle,664922
Region,Taranaki,2005,Dairy cattle,615592
Region,Taranaki,2006,Dairy cattle,598667
Region,Taranaki,2007,Dairy cattle,589573
Region,Taranaki,2008,Dairy cattle,571505
Region,Taranaki,2009,Dairy cattle,607436
Region,Taranaki,2010,Dairy cattle,645891
Region,Taranaki,2011,Dairy cattle,625315
Region,Taranaki,2012,Dairy cattle,604383
Region,Taranaki,2013,Dairy cattle,595014
Region,Taranaki,2014,Dairy cattle,585948
Region,Taranaki,2015,Dairy cattle,541931
Region,Taranaki,2016,Dairy cattle,555532
Region,Taranaki,2017,Dairy cattle,590846
Region,Taranaki,2018,Dairy cattle,547910
Region,Taranaki,2019,Dairy cattle,587033
Region,Tasman,1990,Dairy cattle,NA
Region,Tasman,1991,Dairy cattle,NA
Region,Tasman,1992,Dairy cattle,NA
Region,Tasman,1993,Dairy cattle,46525
Region,Tasman,1994,Dairy cattle,49092
Region,Tasman,1995,Dairy cattle,52463
Region,Tasman,1996,Dairy cattle,54422
Region,Tasman,1997,Dairy cattle,NA
Region,Tasman,1998,Dairy cattle,NA
Region,Tasman,1999,Dairy cattle,74216
Region,Tasman,2000,Dairy cattle,NA
Region,Tasman,2001,Dairy cattle,NA
Region,Tasman,2002,Dairy cattle,67473
Region,Tasman,2003,Dairy cattle,71206
Region,Tasman,2004,Dairy cattle,70848
Region,Tasman,2005,Dairy cattle,67535
Region,Tasman,2006,Dairy cattle,65994
Region,Tasman,2007,Dairy cattle,63849
Region,Tasman,2008,Dairy cattle,70689
Region,Tasman,2009,Dairy cattle,86531
Region,Tasman,2010,Dairy cattle,71088
Region,Tasman,2011,Dairy cattle,72803
Region,Tasman,2012,Dairy cattle,71956
Region,Tasman,2013,Dairy cattle,76283
Region,Tasman,2014,Dairy cattle,77972
Region,Tasman,2015,Dairy cattle,77863
Region,Tasman,2016,Dairy cattle,60980
Region,Tasman,2017,Dairy cattle,66114
Region,Tasman,2018,Dairy cattle,77694
Region,Tasman,2019,Dairy cattle,64690
Region,Waikato,1990,Dairy cattle,1276689
Region,Waikato,1991,Dairy cattle,1251306
Region,Waikato,1992,Dairy cattle,1242665
Region,Waikato,1993,Dairy cattle,1389596
Region,Waikato,1994,Dairy cattle,1437630
Region,Waikato,1995,Dairy cattle,1523259
Region,Waikato,1996,Dairy cattle,1553004
Region,Waikato,1997,Dairy cattle,NA
Region,Waikato,1998,Dairy cattle,NA
Region,Waikato,1999,Dairy cattle,1503208
Region,Waikato,2000,Dairy cattle,NA
Region,Waikato,2001,Dairy cattle,NA
Region,Waikato,2002,Dairy cattle,1663446
Region,Waikato,2003,Dairy cattle,1679882
Region,Waikato,2004,Dairy cattle,1685661
Region,Waikato,2005,Dairy cattle,1726323
Region,Waikato,2006,Dairy cattle,1735353
Region,Waikato,2007,Dairy cattle,1669472
Region,Waikato,2008,Dairy cattle,1717421
Region,Waikato,2009,Dairy cattle,1786579
Region,Waikato,2010,Dairy cattle,1757624
Region,Waikato,2011,Dairy cattle,1795785
Region,Waikato,2012,Dairy cattle,1832380
Region,Waikato,2013,Dairy cattle,1837858
Region,Waikato,2014,Dairy cattle,1914483
Region,Waikato,2015,Dairy cattle,1761949
Region,Waikato,2016,Dairy cattle,1855170
Region,Waikato,2017,Dairy cattle,1871594
Region,Waikato,2018,Dairy cattle,1814158
Region,Waikato,2019,Dairy cattle,1822904
Region,Wellington,1990,Dairy cattle,62521
Region,Wellington,1991,Dairy cattle,67065
Region,Wellington,1992,Dairy cattle,74182
Region,Wellington,1993,Dairy cattle,76870
Region,Wellington,1994,Dairy cattle,83935
Region,Wellington,1995,Dairy cattle,92376
Region,Wellington,1996,Dairy cattle,93363
Region,Wellington,1997,Dairy cattle,NA
Region,Wellington,1998,Dairy cattle,NA
Region,Wellington,1999,Dairy cattle,97284
Region,Wellington,2000,Dairy cattle,NA
Region,Wellington,2001,Dairy cattle,NA
Region,Wellington,2002,Dairy cattle,111180
Region,Wellington,2003,Dairy cattle,111973
Region,Wellington,2004,Dairy cattle,95020
Region,Wellington,2005,Dairy cattle,95274
Region,Wellington,2006,Dairy cattle,103290
Region,Wellington,2007,Dairy cattle,92787
Region,Wellington,2008,Dairy cattle,103525
Region,Wellington,2009,Dairy cattle,85331
Region,Wellington,2010,Dairy cattle,92375
Region,Wellington,2011,Dairy cattle,114120
Region,Wellington,2012,Dairy cattle,108174
Region,Wellington,2013,Dairy cattle,108647
Region,Wellington,2014,Dairy cattle,97599
Region,Wellington,2015,Dairy cattle,109992
Region,Wellington,2016,Dairy cattle,NA
Region,Wellington,2017,Dairy cattle,96804
Region,Wellington,2018,Dairy cattle,79130
Region,Wellington,2019,Dairy cattle,82779
Region,West Coast,1990,Dairy cattle,64499
Region,West Coast,1991,Dairy cattle,65518
Region,West Coast,1992,Dairy cattle,66079
Region,West Coast,1993,Dairy cattle,70212
Region,West Coast,1994,Dairy cattle,79251
Region,West Coast,1995,Dairy cattle,85156
Region,West Coast,1996,Dairy cattle,91022
Region,West Coast,1997,Dairy cattle,NA
Region,West Coast,1998,Dairy cattle,NA
Region,West Coast,1999,Dairy cattle,120992
Region,West Coast,2000,Dairy cattle,NA
Region,West Coast,2001,Dairy cattle,NA
Region,West Coast,2002,Dairy cattle,124640
Region,West Coast,2003,Dairy cattle,122572
Region,West Coast,2004,Dairy cattle,141401
Region,West Coast,2005,Dairy cattle,142370
Region,West Coast,2006,Dairy cattle,148730
Region,West Coast,2007,Dairy cattle,152481
Region,West Coast,2008,Dairy cattle,152869
Region,West Coast,2009,Dairy cattle,179416
Region,West Coast,2010,Dairy cattle,160791
Region,West Coast,2011,Dairy cattle,179308
Region,West Coast,2012,Dairy cattle,173651
Region,West Coast,2013,Dairy cattle,178907
Region,West Coast,2014,Dairy cattle,188417
Region,West Coast,2015,Dairy cattle,182298
Region,West Coast,2016,Dairy cattle,180956
Region,West Coast,2017,Dairy cattle,156204
Region,West Coast,2018,Dairy cattle,143531
Region,West Coast,2019,Dairy cattle,152552
New Zealand,New Zealand,1971,Deer,NA
New Zealand,New Zealand,1972,Deer,NA
New Zealand,New Zealand,1973,Deer,NA
New Zealand,New Zealand,1974,Deer,NA
New Zealand,New Zealand,1975,Deer,NA
New Zealand,New Zealand,1976,Deer,NA
New Zealand,New Zealand,1977,Deer,NA
New Zealand,New Zealand,1978,Deer,NA
New Zealand,New Zealand,1979,Deer,42080
New Zealand,New Zealand,1980,Deer,104359
New Zealand,New Zealand,1981,Deer,109158
New Zealand,New Zealand,1982,Deer,151020
New Zealand,New Zealand,1983,Deer,195653
New Zealand,New Zealand,1984,Deer,258707
New Zealand,New Zealand,1985,Deer,319908
New Zealand,New Zealand,1986,Deer,392154
New Zealand,New Zealand,1987,Deer,500397
New Zealand,New Zealand,1988,Deer,606042
New Zealand,New Zealand,1989,Deer,780066
New Zealand,New Zealand,1990,Deer,976290
New Zealand,New Zealand,1991,Deer,1129503
New Zealand,New Zealand,1992,Deer,1135242
New Zealand,New Zealand,1993,Deer,1078479
New Zealand,New Zealand,1994,Deer,1231109
New Zealand,New Zealand,1995,Deer,1178704
New Zealand,New Zealand,1996,Deer,1192138
New Zealand,New Zealand,1997,Deer,NA
New Zealand,New Zealand,1998,Deer,NA
New Zealand,New Zealand,1999,Deer,1676788
New Zealand,New Zealand,2000,Deer,NA
New Zealand,New Zealand,2001,Deer,NA
New Zealand,New Zealand,2002,Deer,1647938
New Zealand,New Zealand,2003,Deer,1689444
New Zealand,New Zealand,2004,Deer,1756888
New Zealand,New Zealand,2005,Deer,1705084
New Zealand,New Zealand,2006,Deer,1586918
New Zealand,New Zealand,2007,Deer,1396023
New Zealand,New Zealand,2008,Deer,1223324
New Zealand,New Zealand,2009,Deer,1145858
New Zealand,New Zealand,2010,Deer,1122695
New Zealand,New Zealand,2011,Deer,1088533
New Zealand,New Zealand,2012,Deer,1060694
New Zealand,New Zealand,2013,Deer,1028382
New Zealand,New Zealand,2014,Deer,958219
New Zealand,New Zealand,2015,Deer,900100
New Zealand,New Zealand,2016,Deer,834608
New Zealand,New Zealand,2017,Deer,836337
New Zealand,New Zealand,2018,Deer,851424
New Zealand,New Zealand,2019,Deer,810443
Region,Auckland,1990,Deer,54011
Region,Auckland,1991,Deer,58013
Region,Auckland,1992,Deer,49851
Region,Auckland,1993,Deer,38002
Region,Auckland,1994,Deer,33916
Region,Auckland,1995,Deer,27579
Region,Auckland,1996,Deer,NA
Region,Auckland,1997,Deer,NA
Region,Auckland,1998,Deer,NA
Region,Auckland,1999,Deer,29346
Region,Auckland,2000,Deer,NA
Region,Auckland,2001,Deer,NA
Region,Auckland,2002,Deer,20259
Region,Auckland,2003,Deer,23241
Region,Auckland,2004,Deer,23483
Region,Auckland,2005,Deer,NA
Region,Auckland,2006,Deer,15271
Region,Auckland,2007,Deer,12304
Region,Auckland,2008,Deer,12240
Region,Auckland,2009,Deer,NA
Region,Auckland,2010,Deer,15987
Region,Auckland,2011,Deer,10593
Region,Auckland,2012,Deer,12647
Region,Auckland,2013,Deer,10869
Region,Auckland,2014,Deer,5595
Region,Auckland,2015,Deer,8805
Region,Auckland,2016,Deer,10124
Region,Auckland,2017,Deer,11284
Region,Auckland,2018,Deer,11066
Region,Auckland,2019,Deer,8733
Region,Bay of Plenty,1990,Deer,112645
Region,Bay of Plenty,1991,Deer,119535
Region,Bay of Plenty,1992,Deer,105701
Region,Bay of Plenty,1993,Deer,77935
Region,Bay of Plenty,1994,Deer,81873
Region,Bay of Plenty,1995,Deer,72189
Region,Bay of Plenty,1996,Deer,68180
Region,Bay of Plenty,1997,Deer,NA
Region,Bay of Plenty,1998,Deer,NA
Region,Bay of Plenty,1999,Deer,71618
Region,Bay of Plenty,2000,Deer,NA
Region,Bay of Plenty,2001,Deer,NA
Region,Bay of Plenty,2002,Deer,73027
Region,Bay of Plenty,2003,Deer,72071
Region,Bay of Plenty,2004,Deer,68044
Region,Bay of Plenty,2005,Deer,58785
Region,Bay of Plenty,2006,Deer,60163
Region,Bay of Plenty,2007,Deer,54296
Region,Bay of Plenty,2008,Deer,51995
Region,Bay of Plenty,2009,Deer,46053
Region,Bay of Plenty,2010,Deer,44893
Region,Bay of Plenty,2011,Deer,42471
Region,Bay of Plenty,2012,Deer,42156
Region,Bay of Plenty,2013,Deer,38554
Region,Bay of Plenty,2014,Deer,35251
Region,Bay of Plenty,2015,Deer,32512
Region,Bay of Plenty,2016,Deer,32580
Region,Bay of Plenty,2017,Deer,32645
Region,Bay of Plenty,2018,Deer,37044
Region,Bay of Plenty,2019,Deer,NA
Region,Canterbury,1990,Deer,157095
Region,Canterbury,1991,Deer,193148
Region,Canterbury,1992,Deer,201162
Region,Canterbury,1993,Deer,213305
Region,Canterbury,1994,Deer,258980
Region,Canterbury,1995,Deer,277248
Region,Canterbury,1996,Deer,278082
Region,Canterbury,1997,Deer,NA
Region,Canterbury,1998,Deer,NA
Region,Canterbury,1999,Deer,432737
Region,Canterbury,2000,Deer,NA
Region,Canterbury,2001,Deer,NA
Region,Canterbury,2002,Deer,411581
Region,Canterbury,2003,Deer,439501
Region,Canterbury,2004,Deer,453336
Region,Canterbury,2005,Deer,482605
Region,Canterbury,2006,Deer,465055
Region,Canterbury,2007,Deer,394833
Region,Canterbury,2008,Deer,340882
Region,Canterbury,2009,Deer,323257
Region,Canterbury,2010,Deer,319907
Region,Canterbury,2011,Deer,305960
Region,Canterbury,2012,Deer,291783
Region,Canterbury,2013,Deer,287603
Region,Canterbury,2014,Deer,253234
Region,Canterbury,2015,Deer,243121
Region,Canterbury,2016,Deer,232947
Region,Canterbury,2017,Deer,238633
Region,Canterbury,2018,Deer,253162
Region,Canterbury,2019,Deer,247735
Region,Chatham Islands,1990,Deer,NA
Region,Chatham Islands,1991,Deer,NA
Region,Chatham Islands,1992,Deer,NA
Region,Chatham Islands,1993,Deer,NA
Region,Chatham Islands,1994,Deer,173
Region,Chatham Islands,1995,Deer,NA
Region,Chatham Islands,1996,Deer,NA
Region,Chatham Islands,1997,Deer,NA
Region,Chatham Islands,1998,Deer,NA
Region,Chatham Islands,1999,Deer,NA
Region,Chatham Islands,2000,Deer,NA
Region,Chatham Islands,2001,Deer,NA
Region,Chatham Islands,2002,Deer,NA
Region,Chatham Islands,2003,Deer,NA
Region,Chatham Islands,2004,Deer,NA
Region,Chatham Islands,2005,Deer,NA
Region,Chatham Islands,2006,Deer,NA
Region,Chatham Islands,2007,Deer,NA
Region,Chatham Islands,2008,Deer,NA
Region,Chatham Islands,2009,Deer,NA
Region,Chatham Islands,2010,Deer,NA
Region,Chatham Islands,2011,Deer,NA
Region,Chatham Islands,2012,Deer,NA
Region,Chatham Islands,2013,Deer,NA
Region,Chatham Islands,2014,Deer,NA
Region,Chatham Islands,2015,Deer,NA
Region,Chatham Islands,2016,Deer,NA
Region,Chatham Islands,2017,Deer,NA
Region,Chatham Islands,2018,Deer,NA
Region,Chatham Islands,2019,Deer,NA
Region,Gisborne,1990,Deer,17127
Region,Gisborne,1991,Deer,19412
Region,Gisborne,1992,Deer,18306
Region,Gisborne,1993,Deer,18976
Region,Gisborne,1994,Deer,22955
Region,Gisborne,1995,Deer,21530
Region,Gisborne,1996,Deer,22174
Region,Gisborne,1997,Deer,NA
Region,Gisborne,1998,Deer,NA
Region,Gisborne,1999,Deer,25113
Region,Gisborne,2000,Deer,NA
Region,Gisborne,2001,Deer,NA
Region,Gisborne,2002,Deer,25752
Region,Gisborne,2003,Deer,NA
Region,Gisborne,2004,Deer,37878
Region,Gisborne,2005,Deer,30381
Region,Gisborne,2006,Deer,27507
Region,Gisborne,2007,Deer,26694
Region,Gisborne,2008,Deer,23261
Region,Gisborne,2009,Deer,22545
Region,Gisborne,2010,Deer,15093
Region,Gisborne,2011,Deer,17196
Region,Gisborne,2012,Deer,17323
Region,Gisborne,2013,Deer,18833
Region,Gisborne,2014,Deer,17871
Region,Gisborne,2015,Deer,12925
Region,Gisborne,2016,Deer,8358
Region,Gisborne,2017,Deer,11859
Region,Gisborne,2018,Deer,NA
Region,Gisborne,2019,Deer,NA
Region,Hawke's Bay,1990,Deer,75101
Region,Hawke's Bay,1991,Deer,98731
Region,Hawke's Bay,1992,Deer,107683
Region,Hawke's Bay,1993,Deer,96037
Region,Hawke's Bay,1994,Deer,118301
Region,Hawke's Bay,1995,Deer,103737
Region,Hawke's Bay,1996,Deer,102393
Region,Hawke's Bay,1997,Deer,NA
Region,Hawke's Bay,1998,Deer,NA
Region,Hawke's Bay,1999,Deer,109489
Region,Hawke's Bay,2000,Deer,NA
Region,Hawke's Bay,2001,Deer,NA
Region,Hawke's Bay,2002,Deer,126718
Region,Hawke's Bay,2003,Deer,139685
Region,Hawke's Bay,2004,Deer,147378
Region,Hawke's Bay,2005,Deer,120027
Region,Hawke's Bay,2006,Deer,106761
Region,Hawke's Bay,2007,Deer,88408
Region,Hawke's Bay,2008,Deer,84426
Region,Hawke's Bay,2009,Deer,73887
Region,Hawke's Bay,2010,Deer,66573
Region,Hawke's Bay,2011,Deer,63512
Region,Hawke's Bay,2012,Deer,69977
Region,Hawke's Bay,2013,Deer,69350
Region,Hawke's Bay,2014,Deer,53022
Region,Hawke's Bay,2015,Deer,69399
Region,Hawke's Bay,2016,Deer,NA
Region,Hawke's Bay,2017,Deer,51713
Region,Hawke's Bay,2018,Deer,56466
Region,Hawke's Bay,2019,Deer,61248
Region,Manawatu-Whanganui,1990,Deer,94628
Region,Manawatu-Whanganui,1991,Deer,115152
Region,Manawatu-Whanganui,1992,Deer,115398
Region,Manawatu-Whanganui,1993,Deer,104183
Region,Manawatu-Whanganui,1994,Deer,128676
Region,Manawatu-Whanganui,1995,Deer,123866
Region,Manawatu-Whanganui,1996,Deer,130909
Region,Manawatu-Whanganui,1997,Deer,NA
Region,Manawatu-Whanganui,1998,Deer,NA
Region,Manawatu-Whanganui,1999,Deer,149948
Region,Manawatu-Whanganui,2000,Deer,NA
Region,Manawatu-Whanganui,2001,Deer,NA
Region,Manawatu-Whanganui,2002,Deer,147128
Region,Manawatu-Whanganui,2003,Deer,136232
Region,Manawatu-Whanganui,2004,Deer,139242
Region,Manawatu-Whanganui,2005,Deer,147638
Region,Manawatu-Whanganui,2006,Deer,117242
Region,Manawatu-Whanganui,2007,Deer,103908
Region,Manawatu-Whanganui,2008,Deer,84417
Region,Manawatu-Whanganui,2009,Deer,76299
Region,Manawatu-Whanganui,2010,Deer,75437
Region,Manawatu-Whanganui,2011,Deer,87969
Region,Manawatu-Whanganui,2012,Deer,74033
Region,Manawatu-Whanganui,2013,Deer,75840
Region,Manawatu-Whanganui,2014,Deer,74038
Region,Manawatu-Whanganui,2015,Deer,62298
Region,Manawatu-Whanganui,2016,Deer,47158
Region,Manawatu-Whanganui,2017,Deer,54965
Region,Manawatu-Whanganui,2018,Deer,56295
Region,Manawatu-Whanganui,2019,Deer,51268
Region,Marlborough,1990,Deer,NA
Region,Marlborough,1991,Deer,NA
Region,Marlborough,1992,Deer,NA
Region,Marlborough,1993,Deer,17603
Region,Marlborough,1994,Deer,18764
Region,Marlborough,1995,Deer,16552
Region,Marlborough,1996,Deer,16830
Region,Marlborough,1997,Deer,NA
Region,Marlborough,1998,Deer,NA
Region,Marlborough,1999,Deer,21110
Region,Marlborough,2000,Deer,NA
Region,Marlborough,2001,Deer,NA
Region,Marlborough,2002,Deer,22842
Region,Marlborough,2003,Deer,NA
Region,Marlborough,2004,Deer,20618
Region,Marlborough,2005,Deer,NA
Region,Marlborough,2006,Deer,15868
Region,Marlborough,2007,Deer,NA
Region,Marlborough,2008,Deer,NA
Region,Marlborough,2009,Deer,8099
Region,Marlborough,2010,Deer,8562
Region,Marlborough,2011,Deer,NA
Region,Marlborough,2012,Deer,NA
Region,Marlborough,2013,Deer,8072
Region,Marlborough,2014,Deer,7109
Region,Marlborough,2015,Deer,7124
Region,Marlborough,2016,Deer,NA
Region,Marlborough,2017,Deer,6077
Region,Marlborough,2018,Deer,4817
Region,Marlborough,2019,Deer,5810
Region,Nelson,1990,Deer,NA
Region,Nelson,1991,Deer,NA
Region,Nelson,1992,Deer,NA
Region,Nelson,1993,Deer,694
Region,Nelson,1994,Deer,343
Region,Nelson,1995,Deer,NA
Region,Nelson,1996,Deer,NA
Region,Nelson,1997,Deer,NA
Region,Nelson,1998,Deer,NA
Region,Nelson,1999,Deer,NA
Region,Nelson,2000,Deer,NA
Region,Nelson,2001,Deer,NA
Region,Nelson,2002,Deer,2228
Region,Nelson,2003,Deer,NA
Region,Nelson,2004,Deer,1041
Region,Nelson,2005,Deer,NA
Region,Nelson,2006,Deer,NA
Region,Nelson,2007,Deer,NA
Region,Nelson,2008,Deer,NA
Region,Nelson,2009,Deer,NA
Region,Nelson,2010,Deer,NA
Region,Nelson,2011,Deer,NA
Region,Nelson,2012,Deer,NA
Region,Nelson,2013,Deer,NA
Region,Nelson,2014,Deer,NA
Region,Nelson,2015,Deer,NA
Region,Nelson,2016,Deer,NA
Region,Nelson,2017,Deer,NA
Region,Nelson,2018,Deer,NA
Region,Nelson,2019,Deer,NA
Region,Nelson-Marlborough,1990,Deer,45786
Region,Nelson-Marlborough,1991,Deer,50779
Region,Nelson-Marlborough,1992,Deer,53286
Region,Nelson-Marlborough,1993,Deer,NA
Region,Nelson-Marlborough,1994,Deer,NA
Region,Nelson-Marlborough,1995,Deer,NA
Region,Nelson-Marlborough,1996,Deer,NA
Region,Nelson-Marlborough,1997,Deer,NA
Region,Nelson-Marlborough,1998,Deer,NA
Region,Nelson-Marlborough,1999,Deer,NA
Region,Nelson-Marlborough,2000,Deer,NA
Region,Nelson-Marlborough,2001,Deer,NA
Region,Nelson-Marlborough,2002,Deer,NA
Region,Nelson-Marlborough,2003,Deer,NA
Region,Nelson-Marlborough,2004,Deer,NA
Region,Nelson-Marlborough,2005,Deer,NA
Region,Nelson-Marlborough,2006,Deer,NA
Region,Nelson-Marlborough,2007,Deer,NA
Region,Nelson-Marlborough,2008,Deer,NA
Region,Nelson-Marlborough,2009,Deer,NA
Region,Nelson-Marlborough,2010,Deer,NA
Region,Nelson-Marlborough,2011,Deer,NA
Region,Nelson-Marlborough,2012,Deer,NA
Region,Nelson-Marlborough,2013,Deer,NA
Region,Nelson-Marlborough,2014,Deer,NA
Region,Nelson-Marlborough,2015,Deer,NA
Region,Nelson-Marlborough,2016,Deer,NA
Region,Nelson-Marlborough,2017,Deer,NA
Region,Nelson-Marlborough,2018,Deer,NA
Region,Nelson-Marlborough,2019,Deer,NA
Region,Northland,1990,Deer,14266
Region,Northland,1991,Deer,17308
Region,Northland,1992,Deer,15497
Region,Northland,1993,Deer,15517
Region,Northland,1994,Deer,18141
Region,Northland,1995,Deer,15502
Region,Northland,1996,Deer,11304
Region,Northland,1997,Deer,NA
Region,Northland,1998,Deer,NA
Region,Northland,1999,Deer,27557
Region,Northland,2000,Deer,NA
Region,Northland,2001,Deer,NA
Region,Northland,2002,Deer,23412
Region,Northland,2003,Deer,18922
Region,Northland,2004,Deer,16746
Region,Northland,2005,Deer,NA
Region,Northland,2006,Deer,8703
Region,Northland,2007,Deer,7566
Region,Northland,2008,Deer,6564
Region,Northland,2009,Deer,5596
Region,Northland,2010,Deer,6663
Region,Northland,2011,Deer,3474
Region,Northland,2012,Deer,5158
Region,Northland,2013,Deer,4744
Region,Northland,2014,Deer,2931
Region,Northland,2015,Deer,4748
Region,Northland,2016,Deer,4824
Region,Northland,2017,Deer,4913
Region,Northland,2018,Deer,4084
Region,Northland,2019,Deer,NA
Region,Otago,1990,Deer,59802
Region,Otago,1991,Deer,72364
Region,Otago,1992,Deer,75068
Region,Otago,1993,Deer,70951
Region,Otago,1994,Deer,91414
Region,Otago,1995,Deer,90551
Region,Otago,1996,Deer,99026
Region,Otago,1997,Deer,NA
Region,Otago,1998,Deer,NA
Region,Otago,1999,Deer,151052
Region,Otago,2000,Deer,NA
Region,Otago,2001,Deer,NA
Region,Otago,2002,Deer,196703
Region,Otago,2003,Deer,195306
Region,Otago,2004,Deer,206434
Region,Otago,2005,Deer,198704
Region,Otago,2006,Deer,192790
Region,Otago,2007,Deer,188103
Region,Otago,2008,Deer,166856
Region,Otago,2009,Deer,166424
Region,Otago,2010,Deer,168696
Region,Otago,2011,Deer,161911
Region,Otago,2012,Deer,153224
Region,Otago,2013,Deer,143235
Region,Otago,2014,Deer,138933
Region,Otago,2015,Deer,126191
Region,Otago,2016,Deer,112240
Region,Otago,2017,Deer,115730
Region,Otago,2018,Deer,119040
Region,Otago,2019,Deer,121391
Region,Southland,1990,Deer,124209
Region,Southland,1991,Deer,150173
Region,Southland,1992,Deer,160155
Region,Southland,1993,Deer,161816
Region,Southland,1994,Deer,184512
Region,Southland,1995,Deer,186216
Region,Southland,1996,Deer,190630
Region,Southland,1997,Deer,NA
Region,Southland,1998,Deer,NA
Region,Southland,1999,Deer,393371
Region,Southland,2000,Deer,NA
Region,Southland,2001,Deer,NA
Region,Southland,2002,Deer,351558
Region,Southland,2003,Deer,356948
Region,Southland,2004,Deer,390423
Region,Southland,2005,Deer,371374
Region,Southland,2006,Deer,347537
Region,Southland,2007,Deer,307524
Region,Southland,2008,Deer,270072
Region,Southland,2009,Deer,242288
Region,Southland,2010,Deer,245975
Region,Southland,2011,Deer,243877
Region,Southland,2012,Deer,238402
Region,Southland,2013,Deer,221388
Region,Southland,2014,Deer,223025
Region,Southland,2015,Deer,197881
Region,Southland,2016,Deer,NA
Region,Southland,2017,Deer,192480
Region,Southland,2018,Deer,183186
Region,Southland,2019,Deer,162380
Region,Taranaki,1990,Deer,20209
Region,Taranaki,1991,Deer,20466
Region,Taranaki,1992,Deer,22799
Region,Taranaki,1993,Deer,20363
Region,Taranaki,1994,Deer,19024
Region,Taranaki,1995,Deer,15835
Region,Taranaki,1996,Deer,13012
Region,Taranaki,1997,Deer,NA
Region,Taranaki,1998,Deer,NA
Region,Taranaki,1999,Deer,14427
Region,Taranaki,2000,Deer,NA
Region,Taranaki,2001,Deer,NA
Region,Taranaki,2002,Deer,10762
Region,Taranaki,2003,Deer,9058
Region,Taranaki,2004,Deer,6687
Region,Taranaki,2005,Deer,4772
Region,Taranaki,2006,Deer,NA
Region,Taranaki,2007,Deer,4456
Region,Taranaki,2008,Deer,3524
Region,Taranaki,2009,Deer,4296
Region,Taranaki,2010,Deer,4468
Region,Taranaki,2011,Deer,5389
Region,Taranaki,2012,Deer,3756
Region,Taranaki,2013,Deer,6029
Region,Taranaki,2014,Deer,NA
Region,Taranaki,2015,Deer,NA
Region,Taranaki,2016,Deer,NA
Region,Taranaki,2017,Deer,3999
Region,Taranaki,2018,Deer,2854
Region,Taranaki,2019,Deer,3093
Region,Tasman,1990,Deer,NA
Region,Tasman,1991,Deer,NA
Region,Tasman,1992,Deer,NA
Region,Tasman,1993,Deer,29668
Region,Tasman,1994,Deer,35810
Region,Tasman,1995,Deer,33453
Region,Tasman,1996,Deer,33790
Region,Tasman,1997,Deer,NA
Region,Tasman,1998,Deer,NA
Region,Tasman,1999,Deer,35227
Region,Tasman,2000,Deer,NA
Region,Tasman,2001,Deer,NA
Region,Tasman,2002,Deer,32185
Region,Tasman,2003,Deer,33573
Region,Tasman,2004,Deer,31531
Region,Tasman,2005,Deer,31748
Region,Tasman,2006,Deer,25280
Region,Tasman,2007,Deer,20632
Region,Tasman,2008,Deer,19307
Region,Tasman,2009,Deer,13039
Region,Tasman,2010,Deer,15222
Region,Tasman,2011,Deer,13671
Region,Tasman,2012,Deer,15540
Region,Tasman,2013,Deer,14259
Region,Tasman,2014,Deer,14535
Region,Tasman,2015,Deer,12732
Region,Tasman,2016,Deer,NA
Region,Tasman,2017,Deer,10348
Region,Tasman,2018,Deer,NA
Region,Tasman,2019,Deer,5749
Region,Waikato,1990,Deer,153686
Region,Waikato,1991,Deer,159478
Region,Waikato,1992,Deer,153022
Region,Waikato,1993,Deer,159461
Region,Waikato,1994,Deer,161997
Region,Waikato,1995,Deer,140868
Region,Waikato,1996,Deer,148822
Region,Waikato,1997,Deer,NA
Region,Waikato,1998,Deer,NA
Region,Waikato,1999,Deer,153651
Region,Waikato,2000,Deer,NA
Region,Waikato,2001,Deer,NA
Region,Waikato,2002,Deer,143098
Region,Waikato,2003,Deer,139824
Region,Waikato,2004,Deer,144468
Region,Waikato,2005,Deer,141515
Region,Waikato,2006,Deer,126585
Region,Waikato,2007,Deer,116554
Region,Waikato,2008,Deer,91865
Region,Waikato,2009,Deer,97508
Region,Waikato,2010,Deer,83952
Region,Waikato,2011,Deer,76961
Region,Waikato,2012,Deer,81019
Region,Waikato,2013,Deer,78947
Region,Waikato,2014,Deer,75315
Region,Waikato,2015,Deer,69525
Region,Waikato,2016,Deer,63811
Region,Waikato,2017,Deer,62714
Region,Waikato,2018,Deer,66615
Region,Waikato,2019,Deer,67226
Region,Wellington,1990,Deer,22089
Region,Wellington,1991,Deer,24141
Region,Wellington,1992,Deer,26388
Region,Wellington,1993,Deer,25800
Region,Wellington,1994,Deer,30232
Region,Wellington,1995,Deer,27206
Region,Wellington,1996,Deer,27086
Region,Wellington,1997,Deer,NA
Region,Wellington,1998,Deer,NA
Region,Wellington,1999,Deer,26441
Region,Wellington,2000,Deer,NA
Region,Wellington,2001,Deer,NA
Region,Wellington,2002,Deer,27423
Region,Wellington,2003,Deer,25821
Region,Wellington,2004,Deer,25802
Region,Wellington,2005,Deer,NA
Region,Wellington,2006,Deer,22722
Region,Wellington,2007,Deer,15985
Region,Wellington,2008,Deer,16871
Region,Wellington,2009,Deer,16062
Region,Wellington,2010,Deer,18819
Region,Wellington,2011,Deer,17367
Region,Wellington,2012,Deer,13933
Region,Wellington,2013,Deer,17936
Region,Wellington,2014,Deer,20727
Region,Wellington,2015,Deer,20255
Region,Wellington,2016,Deer,NA
Region,Wellington,2017,Deer,10637
Region,Wellington,2018,Deer,NA
Region,Wellington,2019,Deer,8153
Region,West Coast,1990,Deer,25636
Region,West Coast,1991,Deer,30803
Region,West Coast,1992,Deer,30926
Region,West Coast,1993,Deer,28168
Region,West Coast,1994,Deer,25998
Region,West Coast,1995,Deer,NA
Region,West Coast,1996,Deer,NA
Region,West Coast,1997,Deer,NA
Region,West Coast,1998,Deer,NA
Region,West Coast,1999,Deer,34244
Region,West Coast,2000,Deer,NA
Region,West Coast,2001,Deer,NA
Region,West Coast,2002,Deer,33262
Region,West Coast,2003,Deer,35487
Region,West Coast,2004,Deer,43777
Region,West Coast,2005,Deer,48074
Region,West Coast,2006,Deer,48043
Region,West Coast,2007,Deer,41755
Region,West Coast,2008,Deer,34955
Region,West Coast,2009,Deer,40162
Region,West Coast,2010,Deer,32325
Region,West Coast,2011,Deer,30414
Region,West Coast,2012,Deer,34176
Region,West Coast,2013,Deer,32726
Region,West Coast,2014,Deer,31428
Region,West Coast,2015,Deer,29273
Region,West Coast,2016,Deer,28825
Region,West Coast,2017,Deer,28340
Region,West Coast,2018,Deer,23648
Region,West Coast,2019,Deer,22698
New Zealand,New Zealand,1971,Sheep,58912000
New Zealand,New Zealand,1972,Sheep,60883000
New Zealand,New Zealand,1973,Sheep,56684000
New Zealand,New Zealand,1974,Sheep,55883000
New Zealand,New Zealand,1975,Sheep,55320000
New Zealand,New Zealand,1976,Sheep,56400000
New Zealand,New Zealand,1977,Sheep,59105000
New Zealand,New Zealand,1978,Sheep,61278223
New Zealand,New Zealand,1979,Sheep,63791096
New Zealand,New Zealand,1980,Sheep,68771772
New Zealand,New Zealand,1981,Sheep,69883765
New Zealand,New Zealand,1982,Sheep,70301461
New Zealand,New Zealand,1983,Sheep,70262574
New Zealand,New Zealand,1984,Sheep,69738672
New Zealand,New Zealand,1985,Sheep,67853622
New Zealand,New Zealand,1986,Sheep,67469515
New Zealand,New Zealand,1987,Sheep,64243862
New Zealand,New Zealand,1988,Sheep,64600077
New Zealand,New Zealand,1989,Sheep,60568653
New Zealand,New Zealand,1990,Sheep,57852192
New Zealand,New Zealand,1991,Sheep,55161643
New Zealand,New Zealand,1992,Sheep,52568393
New Zealand,New Zealand,1993,Sheep,50298361
New Zealand,New Zealand,1994,Sheep,49466054
New Zealand,New Zealand,1995,Sheep,48816271
New Zealand,New Zealand,1996,Sheep,47393907
New Zealand,New Zealand,1997,Sheep,NA
New Zealand,New Zealand,1998,Sheep,NA
New Zealand,New Zealand,1999,Sheep,45679891
New Zealand,New Zealand,2000,Sheep,NA
New Zealand,New Zealand,2001,Sheep,NA
New Zealand,New Zealand,2002,Sheep,39571837
New Zealand,New Zealand,2003,Sheep,39552113
New Zealand,New Zealand,2004,Sheep,39271137
New Zealand,New Zealand,2005,Sheep,39879668
New Zealand,New Zealand,2006,Sheep,40081594
New Zealand,New Zealand,2007,Sheep,38460477
New Zealand,New Zealand,2008,Sheep,34087864
New Zealand,New Zealand,2009,Sheep,32383589
New Zealand,New Zealand,2010,Sheep,32562612
New Zealand,New Zealand,2011,Sheep,31132329
New Zealand,New Zealand,2012,Sheep,31262715
New Zealand,New Zealand,2013,Sheep,30786761
New Zealand,New Zealand,2014,Sheep,29803402
New Zealand,New Zealand,2015,Sheep,29120827
New Zealand,New Zealand,2016,Sheep,27583673
New Zealand,New Zealand,2017,Sheep,27526537
New Zealand,New Zealand,2018,Sheep,27295749
New Zealand,New Zealand,2019,Sheep,26821846
Region,Auckland,1990,Sheep,1040091
Region,Auckland,1991,Sheep,934395
Region,Auckland,1992,Sheep,788097
Region,Auckland,1993,Sheep,511277
Region,Auckland,1994,Sheep,498152
Region,Auckland,1995,Sheep,503266
Region,Auckland,1996,Sheep,399926
Region,Auckland,1997,Sheep,NA
Region,Auckland,1998,Sheep,NA
Region,Auckland,1999,Sheep,478793
Region,Auckland,2000,Sheep,NA
Region,Auckland,2001,Sheep,NA
Region,Auckland,2002,Sheep,368217
Region,Auckland,2003,Sheep,361345
Region,Auckland,2004,Sheep,325188
Region,Auckland,2005,Sheep,318201
Region,Auckland,2006,Sheep,293760
Region,Auckland,2007,Sheep,287589
Region,Auckland,2008,Sheep,264979
Region,Auckland,2009,Sheep,257248
Region,Auckland,2010,Sheep,235414
Region,Auckland,2011,Sheep,219952
Region,Auckland,2012,Sheep,205270
Region,Auckland,2013,Sheep,212437
Region,Auckland,2014,Sheep,215932
Region,Auckland,2015,Sheep,240830
Region,Auckland,2016,Sheep,202200
Region,Auckland,2017,Sheep,253074
Region,Auckland,2018,Sheep,202415
Region,Auckland,2019,Sheep,NA
Region,Bay of Plenty,1990,Sheep,1097226
Region,Bay of Plenty,1991,Sheep,965268
Region,Bay of Plenty,1992,Sheep,854825
Region,Bay of Plenty,1993,Sheep,730582
Region,Bay of Plenty,1994,Sheep,620337
Region,Bay of Plenty,1995,Sheep,650405
Region,Bay of Plenty,1996,Sheep,575582
Region,Bay of Plenty,1997,Sheep,NA
Region,Bay of Plenty,1998,Sheep,NA
Region,Bay of Plenty,1999,Sheep,496237
Region,Bay of Plenty,2000,Sheep,NA
Region,Bay of Plenty,2001,Sheep,NA
Region,Bay of Plenty,2002,Sheep,415379
Region,Bay of Plenty,2003,Sheep,355785
Region,Bay of Plenty,2004,Sheep,409095
Region,Bay of Plenty,2005,Sheep,356859
Region,Bay of Plenty,2006,Sheep,382419
Region,Bay of Plenty,2007,Sheep,385373
Region,Bay of Plenty,2008,Sheep,346445
Region,Bay of Plenty,2009,Sheep,331049
Region,Bay of Plenty,2010,Sheep,347973
Region,Bay of Plenty,2011,Sheep,284954
Region,Bay of Plenty,2012,Sheep,322882
Region,Bay of Plenty,2013,Sheep,312593
Region,Bay of Plenty,2014,Sheep,250299
Region,Bay of Plenty,2015,Sheep,302986
Region,Bay of Plenty,2016,Sheep,263380
Region,Bay of Plenty,2017,Sheep,281535
Region,Bay of Plenty,2018,Sheep,232865
Region,Bay of Plenty,2019,Sheep,237906
Region,Canterbury,1990,Sheep,10421554
Region,Canterbury,1991,Sheep,10067911
Region,Canterbury,1992,Sheep,9516580
Region,Canterbury,1993,Sheep,9656782
Region,Canterbury,1994,Sheep,9747488
Region,Canterbury,1995,Sheep,9562261
Region,Canterbury,1996,Sheep,9370769
Region,Canterbury,1997,Sheep,NA
Region,Canterbury,1998,Sheep,NA
Region,Canterbury,1999,Sheep,9217644
Region,Canterbury,2000,Sheep,NA
Region,Canterbury,2001,Sheep,NA
Region,Canterbury,2002,Sheep,7758336
Region,Canterbury,2003,Sheep,7969929
Region,Canterbury,2004,Sheep,7499728
Region,Canterbury,2005,Sheep,7602271
Region,Canterbury,2006,Sheep,7463075
Region,Canterbury,2007,Sheep,7166822
Region,Canterbury,2008,Sheep,6063300
Region,Canterbury,2009,Sheep,5504718
Region,Canterbury,2010,Sheep,5652101
Region,Canterbury,2011,Sheep,5569215
Region,Canterbury,2012,Sheep,5348010
Region,Canterbury,2013,Sheep,5222094
Region,Canterbury,2014,Sheep,4966905
Region,Canterbury,2015,Sheep,4501137
Region,Canterbury,2016,Sheep,4584936
Region,Canterbury,2017,Sheep,4473916
Region,Canterbury,2018,Sheep,4423195
Region,Canterbury,2019,Sheep,4572719
Region,Chatham Islands,1990,Sheep,NA
Region,Chatham Islands,1991,Sheep,NA
Region,Chatham Islands,1992,Sheep,NA
Region,Chatham Islands,1993,Sheep,131726
Region,Chatham Islands,1994,Sheep,103557
Region,Chatham Islands,1995,Sheep,101632
Region,Chatham Islands,1996,Sheep,99718
Region,Chatham Islands,1997,Sheep,NA
Region,Chatham Islands,1998,Sheep,NA
Region,Chatham Islands,1999,Sheep,83510
Region,Chatham Islands,2000,Sheep,NA
Region,Chatham Islands,2001,Sheep,NA
Region,Chatham Islands,2002,Sheep,56723
Region,Chatham Islands,2003,Sheep,NA
Region,Chatham Islands,2004,Sheep,NA
Region,Chatham Islands,2005,Sheep,NA
Region,Chatham Islands,2006,Sheep,NA
Region,Chatham Islands,2007,Sheep,68816
Region,Chatham Islands,2008,Sheep,64202
Region,Chatham Islands,2009,Sheep,NA
Region,Chatham Islands,2010,Sheep,67267
Region,Chatham Islands,2011,Sheep,62861
Region,Chatham Islands,2012,Sheep,59374
Region,Chatham Islands,2013,Sheep,66956
Region,Chatham Islands,2014,Sheep,62234
Region,Chatham Islands,2015,Sheep,73763
Region,Chatham Islands,2016,Sheep,NA
Region,Chatham Islands,2017,Sheep,68914
Region,Chatham Islands,2018,Sheep,NA
Region,Chatham Islands,2019,Sheep,NA
Region,Gisborne,1990,Sheep,2283337
Region,Gisborne,1991,Sheep,2211491
Region,Gisborne,1992,Sheep,2177215
Region,Gisborne,1993,Sheep,2065642
Region,Gisborne,1994,Sheep,2088870
Region,Gisborne,1995,Sheep,2094187
Region,Gisborne,1996,Sheep,2046895
Region,Gisborne,1997,Sheep,NA
Region,Gisborne,1998,Sheep,NA
Region,Gisborne,1999,Sheep,1608006
Region,Gisborne,2000,Sheep,NA
Region,Gisborne,2001,Sheep,NA
Region,Gisborne,2002,Sheep,1679377
Region,Gisborne,2003,Sheep,1869777
Region,Gisborne,2004,Sheep,1847723
Region,Gisborne,2005,Sheep,1717266
Region,Gisborne,2006,Sheep,1833833
Region,Gisborne,2007,Sheep,1825496
Region,Gisborne,2008,Sheep,1679670
Region,Gisborne,2009,Sheep,1548344
Region,Gisborne,2010,Sheep,1589785
Region,Gisborne,2011,Sheep,1517015
Region,Gisborne,2012,Sheep,1547294
Region,Gisborne,2013,Sheep,1503378
Region,Gisborne,2014,Sheep,1602270
Region,Gisborne,2015,Sheep,1472423
Region,Gisborne,2016,Sheep,1515181
Region,Gisborne,2017,Sheep,1412045
Region,Gisborne,2018,Sheep,1457321
Region,Gisborne,2019,Sheep,1380146
Region,Hawke's Bay,1990,Sheep,4995476
Region,Hawke's Bay,1991,Sheep,4976190
Region,Hawke's Bay,1992,Sheep,4686676
Region,Hawke's Bay,1993,Sheep,4556200
Region,Hawke's Bay,1994,Sheep,4264012
Region,Hawke's Bay,1995,Sheep,4351060
Region,Hawke's Bay,1996,Sheep,4370417
Region,Hawke's Bay,1997,Sheep,NA
Region,Hawke's Bay,1998,Sheep,NA
Region,Hawke's Bay,1999,Sheep,4501563
Region,Hawke's Bay,2000,Sheep,NA
Region,Hawke's Bay,2001,Sheep,NA
Region,Hawke's Bay,2002,Sheep,3788684
Region,Hawke's Bay,2003,Sheep,3922729
Region,Hawke's Bay,2004,Sheep,4305819
Region,Hawke's Bay,2005,Sheep,4070230
Region,Hawke's Bay,2006,Sheep,4226620
Region,Hawke's Bay,2007,Sheep,3624018
Region,Hawke's Bay,2008,Sheep,3690843
Region,Hawke's Bay,2009,Sheep,3445616
Region,Hawke's Bay,2010,Sheep,3429382
Region,Hawke's Bay,2011,Sheep,3266872
Region,Hawke's Bay,2012,Sheep,3262468
Region,Hawke's Bay,2013,Sheep,2996560
Region,Hawke's Bay,2014,Sheep,2872852
Region,Hawke's Bay,2015,Sheep,3028852
Region,Hawke's Bay,2016,Sheep,2872524
Region,Hawke's Bay,2017,Sheep,2794237
Region,Hawke's Bay,2018,Sheep,2850607
Region,Hawke's Bay,2019,Sheep,2876262
Region,Manawatu-Whanganui,1990,Sheep,8691745
Region,Manawatu-Whanganui,1991,Sheep,8341728
Region,Manawatu-Whanganui,1992,Sheep,7998714
Region,Manawatu-Whanganui,1993,Sheep,7552033
Region,Manawatu-Whanganui,1994,Sheep,7458218
Region,Manawatu-Whanganui,1995,Sheep,7430173
Region,Manawatu-Whanganui,1996,Sheep,7216177
Region,Manawatu-Whanganui,1997,Sheep,NA
Region,Manawatu-Whanganui,1998,Sheep,NA
Region,Manawatu-Whanganui,1999,Sheep,6955560
Region,Manawatu-Whanganui,2000,Sheep,NA
Region,Manawatu-Whanganui,2001,Sheep,NA
Region,Manawatu-Whanganui,2002,Sheep,6563838
Region,Manawatu-Whanganui,2003,Sheep,6516684
Region,Manawatu-Whanganui,2004,Sheep,6263729
Region,Manawatu-Whanganui,2005,Sheep,6738633
Region,Manawatu-Whanganui,2006,Sheep,6870265
Region,Manawatu-Whanganui,2007,Sheep,6746989
Region,Manawatu-Whanganui,2008,Sheep,5916784
Region,Manawatu-Whanganui,2009,Sheep,5767131
Region,Manawatu-Whanganui,2010,Sheep,5796023
Region,Manawatu-Whanganui,2011,Sheep,5730947
Region,Manawatu-Whanganui,2012,Sheep,5612743
Region,Manawatu-Whanganui,2013,Sheep,5469819
Region,Manawatu-Whanganui,2014,Sheep,5328843
Region,Manawatu-Whanganui,2015,Sheep,5518950
Region,Manawatu-Whanganui,2016,Sheep,5040174
Region,Manawatu-Whanganui,2017,Sheep,5061676
Region,Manawatu-Whanganui,2018,Sheep,5060276
Region,Manawatu-Whanganui,2019,Sheep,4791398
Region,Marlborough,1990,Sheep,NA
Region,Marlborough,1991,Sheep,NA
Region,Marlborough,1992,Sheep,NA
Region,Marlborough,1993,Sheep,996764
Region,Marlborough,1994,Sheep,955338
Region,Marlborough,1995,Sheep,930216
Region,Marlborough,1996,Sheep,897065
Region,Marlborough,1997,Sheep,NA
Region,Marlborough,1998,Sheep,NA
Region,Marlborough,1999,Sheep,943977
Region,Marlborough,2000,Sheep,NA
Region,Marlborough,2001,Sheep,NA
Region,Marlborough,2002,Sheep,785115
Region,Marlborough,2003,Sheep,741038
Region,Marlborough,2004,Sheep,675284
Region,Marlborough,2005,Sheep,638031
Region,Marlborough,2006,Sheep,648601
Region,Marlborough,2007,Sheep,578805
Region,Marlborough,2008,Sheep,517526
Region,Marlborough,2009,Sheep,516391
Region,Marlborough,2010,Sheep,522176
Region,Marlborough,2011,Sheep,425299
Region,Marlborough,2012,Sheep,547180
Region,Marlborough,2013,Sheep,518372
Region,Marlborough,2014,Sheep,544578
Region,Marlborough,2015,Sheep,453191
Region,Marlborough,2016,Sheep,434222
Region,Marlborough,2017,Sheep,468697
Region,Marlborough,2018,Sheep,495942
Region,Marlborough,2019,Sheep,518125
Region,Nelson,1990,Sheep,NA
Region,Nelson,1991,Sheep,NA
Region,Nelson,1992,Sheep,NA
Region,Nelson,1993,Sheep,24075
Region,Nelson,1994,Sheep,15099
Region,Nelson,1995,Sheep,16033
Region,Nelson,1996,Sheep,17439
Region,Nelson,1997,Sheep,NA
Region,Nelson,1998,Sheep,NA
Region,Nelson,1999,Sheep,12997
Region,Nelson,2000,Sheep,NA
Region,Nelson,2001,Sheep,NA
Region,Nelson,2002,Sheep,11089
Region,Nelson,2003,Sheep,NA
Region,Nelson,2004,Sheep,17523
Region,Nelson,2005,Sheep,17138
Region,Nelson,2006,Sheep,NA
Region,Nelson,2007,Sheep,7639
Region,Nelson,2008,Sheep,8671
Region,Nelson,2009,Sheep,4673
Region,Nelson,2010,Sheep,11974
Region,Nelson,2011,Sheep,13743
Region,Nelson,2012,Sheep,6466
Region,Nelson,2013,Sheep,6032
Region,Nelson,2014,Sheep,8925
Region,Nelson,2015,Sheep,8531
Region,Nelson,2016,Sheep,4729
Region,Nelson,2017,Sheep,NA
Region,Nelson,2018,Sheep,27286
Region,Nelson,2019,Sheep,10222
Region,Nelson-Marlborough,1990,Sheep,2031630
Region,Nelson-Marlborough,1991,Sheep,1884598
Region,Nelson-Marlborough,1992,Sheep,1801844
Region,Nelson-Marlborough,1993,Sheep,NA
Region,Nelson-Marlborough,1994,Sheep,NA
Region,Nelson-Marlborough,1995,Sheep,NA
Region,Nelson-Marlborough,1996,Sheep,NA
Region,Nelson-Marlborough,1997,Sheep,NA
Region,Nelson-Marlborough,1998,Sheep,NA
Region,Nelson-Marlborough,1999,Sheep,NA
Region,Nelson-Marlborough,2000,Sheep,NA
Region,Nelson-Marlborough,2001,Sheep,NA
Region,Nelson-Marlborough,2002,Sheep,NA
Region,Nelson-Marlborough,2003,Sheep,NA
Region,Nelson-Marlborough,2004,Sheep,NA
Region,Nelson-Marlborough,2005,Sheep,NA
Region,Nelson-Marlborough,2006,Sheep,NA
Region,Nelson-Marlborough,2007,Sheep,NA
Region,Nelson-Marlborough,2008,Sheep,NA
Region,Nelson-Marlborough,2009,Sheep,NA
Region,Nelson-Marlborough,2010,Sheep,NA
Region,Nelson-Marlborough,2011,Sheep,NA
Region,Nelson-Marlborough,2012,Sheep,NA
Region,Nelson-Marlborough,2013,Sheep,NA
Region,Nelson-Marlborough,2014,Sheep,NA
Region,Nelson-Marlborough,2015,Sheep,NA
Region,Nelson-Marlborough,2016,Sheep,NA
Region,Nelson-Marlborough,2017,Sheep,NA
Region,Nelson-Marlborough,2018,Sheep,NA
Region,Nelson-Marlborough,2019,Sheep,NA
Region,Northland,1990,Sheep,1293657
Region,Northland,1991,Sheep,1118443
Region,Northland,1992,Sheep,942774
Region,Northland,1993,Sheep,851487
Region,Northland,1994,Sheep,814163
Region,Northland,1995,Sheep,780146
Region,Northland,1996,Sheep,706337
Region,Northland,1997,Sheep,NA
Region,Northland,1998,Sheep,NA
Region,Northland,1999,Sheep,583770
Region,Northland,2000,Sheep,NA
Region,Northland,2001,Sheep,NA
Region,Northland,2002,Sheep,522189
Region,Northland,2003,Sheep,530059
Region,Northland,2004,Sheep,494357
Region,Northland,2005,Sheep,556734
Region,Northland,2006,Sheep,525830
Region,Northland,2007,Sheep,534452
Region,Northland,2008,Sheep,504286
Region,Northland,2009,Sheep,429401
Region,Northland,2010,Sheep,430740
Region,Northland,2011,Sheep,400480
Region,Northland,2012,Sheep,440955
Region,Northland,2013,Sheep,427281
Region,Northland,2014,Sheep,331251
Region,Northland,2015,Sheep,381256
Region,Northland,2016,Sheep,366197
Region,Northland,2017,Sheep,328033
Region,Northland,2018,Sheep,279598
Region,Northland,2019,Sheep,278060
Region,Otago,1990,Sheep,8309622
Region,Otago,1991,Sheep,8140516
Region,Otago,1992,Sheep,8197918
Region,Otago,1993,Sheep,7590746
Region,Otago,1994,Sheep,7635968
Region,Otago,1995,Sheep,7481115
Region,Otago,1996,Sheep,7317039
Region,Otago,1997,Sheep,NA
Region,Otago,1998,Sheep,NA
Region,Otago,1999,Sheep,7569022
Region,Otago,2000,Sheep,NA
Region,Otago,2001,Sheep,NA
Region,Otago,2002,Sheep,6120918
Region,Otago,2003,Sheep,5945247
Region,Otago,2004,Sheep,5901789
Region,Otago,2005,Sheep,6185038
Region,Otago,2006,Sheep,5998440
Region,Otago,2007,Sheep,6031166
Region,Otago,2008,Sheep,5343380
Region,Otago,2009,Sheep,5281730
Region,Otago,2010,Sheep,5323860
Region,Otago,2011,Sheep,5203236
Region,Otago,2012,Sheep,5342846
Region,Otago,2013,Sheep,5325322
Region,Otago,2014,Sheep,5257716
Region,Otago,2015,Sheep,5120190
Region,Otago,2016,Sheep,4818842
Region,Otago,2017,Sheep,4586781
Region,Otago,2018,Sheep,4937228
Region,Otago,2019,Sheep,4888402
Region,Southland,1990,Sheep,8931881
Region,Southland,1991,Sheep,8453558
Region,Southland,1992,Sheep,8040856
Region,Southland,1993,Sheep,7806683
Region,Southland,1994,Sheep,7850791
Region,Southland,1995,Sheep,7687777
Region,Southland,1996,Sheep,7457393
Region,Southland,1997,Sheep,NA
Region,Southland,1998,Sheep,NA
Region,Southland,1999,Sheep,6738097
Region,Southland,2000,Sheep,NA
Region,Southland,2001,Sheep,NA
Region,Southland,2002,Sheep,5950657
Region,Southland,2003,Sheep,5855296
Region,Southland,2004,Sheep,5966919
Region,Southland,2005,Sheep,5950627
Region,Southland,2006,Sheep,5928761
Region,Southland,2007,Sheep,5662387
Region,Southland,2008,Sheep,4739003
Region,Southland,2009,Sheep,4556206
Region,Southland,2010,Sheep,4597335
Region,Southland,2011,Sheep,4112930
Region,Southland,2012,Sheep,4356427
Region,Southland,2013,Sheep,4390785
Region,Southland,2014,Sheep,4299214
Region,Southland,2015,Sheep,4072964
Region,Southland,2016,Sheep,3711484
Region,Southland,2017,Sheep,3987294
Region,Southland,2018,Sheep,3487730
Region,Southland,2019,Sheep,3326557
Region,Taranaki,1990,Sheep,1375340
Region,Taranaki,1991,Sheep,1275584
Region,Taranaki,1992,Sheep,1192717
Region,Taranaki,1993,Sheep,1035347
Region,Taranaki,1994,Sheep,966752
Region,Taranaki,1995,Sheep,906994
Region,Taranaki,1996,Sheep,857256
Region,Taranaki,1997,Sheep,NA
Region,Taranaki,1998,Sheep,NA
Region,Taranaki,1999,Sheep,816819
Region,Taranaki,2000,Sheep,NA
Region,Taranaki,2001,Sheep,NA
Region,Taranaki,2002,Sheep,697637
Region,Taranaki,2003,Sheep,664627
Region,Taranaki,2004,Sheep,687435
Region,Taranaki,2005,Sheep,678700
Region,Taranaki,2006,Sheep,688273
Region,Taranaki,2007,Sheep,656144
Region,Taranaki,2008,Sheep,637400
Region,Taranaki,2009,Sheep,537850
Region,Taranaki,2010,Sheep,583467
Region,Taranaki,2011,Sheep,556982
Region,Taranaki,2012,Sheep,434402
Region,Taranaki,2013,Sheep,537355
Region,Taranaki,2014,Sheep,502255
Region,Taranaki,2015,Sheep,499840
Region,Taranaki,2016,Sheep,434333
Region,Taranaki,2017,Sheep,497505
Region,Taranaki,2018,Sheep,395142
Region,Taranaki,2019,Sheep,441933
Region,Tasman,1990,Sheep,NA
Region,Tasman,1991,Sheep,NA
Region,Tasman,1992,Sheep,NA
Region,Tasman,1993,Sheep,470830
Region,Tasman,1994,Sheep,424875
Region,Tasman,1995,Sheep,409296
Region,Tasman,1996,Sheep,405397
Region,Tasman,1997,Sheep,NA
Region,Tasman,1998,Sheep,NA
Region,Tasman,1999,Sheep,433680
Region,Tasman,2000,Sheep,NA
Region,Tasman,2001,Sheep,NA
Region,Tasman,2002,Sheep,356240
Region,Tasman,2003,Sheep,402925
Region,Tasman,2004,Sheep,339028
Region,Tasman,2005,Sheep,325874
Region,Tasman,2006,Sheep,323542
Region,Tasman,2007,Sheep,348485
Region,Tasman,2008,Sheep,NA
Region,Tasman,2009,Sheep,327770
Region,Tasman,2010,Sheep,317299
Region,Tasman,2011,Sheep,249640
Region,Tasman,2012,Sheep,276877
Region,Tasman,2013,Sheep,265858
Region,Tasman,2014,Sheep,242694
Region,Tasman,2015,Sheep,354757
Region,Tasman,2016,Sheep,NA
Region,Tasman,2017,Sheep,261878
Region,Tasman,2018,Sheep,246328
Region,Tasman,2019,Sheep,234007
Region,Waikato,1990,Sheep,4471206
Region,Waikato,1991,Sheep,3975838
Region,Waikato,1992,Sheep,3663840
Region,Waikato,1993,Sheep,3761055
Region,Waikato,1994,Sheep,3606345
Region,Waikato,1995,Sheep,3515338
Region,Waikato,1996,Sheep,3367980
Region,Waikato,1997,Sheep,NA
Region,Waikato,1998,Sheep,NA
Region,Waikato,1999,Sheep,2865674
Region,Waikato,2000,Sheep,NA
Region,Waikato,2001,Sheep,NA
Region,Waikato,2002,Sheep,2592399
Region,Waikato,2003,Sheep,2409128
Region,Waikato,2004,Sheep,2457368
Region,Waikato,2005,Sheep,2555163
Region,Waikato,2006,Sheep,2706984
Region,Waikato,2007,Sheep,2660145
Region,Waikato,2008,Sheep,2168673
Region,Waikato,2009,Sheep,2101906
Region,Waikato,2010,Sheep,1982414
Region,Waikato,2011,Sheep,1838297
Region,Waikato,2012,Sheep,1776544
Region,Waikato,2013,Sheep,1926059
Region,Waikato,2014,Sheep,1699244
Region,Waikato,2015,Sheep,1646010
Region,Waikato,2016,Sheep,1666388
Region,Waikato,2017,Sheep,1478921
Region,Waikato,2018,Sheep,1632001
Region,Waikato,2019,Sheep,1524498
Region,Wellington,1990,Sheep,2595884
Region,Wellington,1991,Sheep,2555928
Region,Wellington,1992,Sheep,2459837
Region,Wellington,1993,Sheep,2319683
Region,Wellington,1994,Sheep,2199545
Region,Wellington,1995,Sheep,2175123
Region,Wellington,1996,Sheep,2115651
Region,Wellington,1997,Sheep,NA
Region,Wellington,1998,Sheep,NA
Region,Wellington,1999,Sheep,2270704
Region,Wellington,2000,Sheep,NA
Region,Wellington,2001,Sheep,NA
Region,Wellington,2002,Sheep,1812531
Region,Wellington,2003,Sheep,1779872
Region,Wellington,2004,Sheep,1943427
Region,Wellington,2005,Sheep,2038979
Region,Wellington,2006,Sheep,2012471
Region,Wellington,2007,Sheep,1822057
Region,Wellington,2008,Sheep,1779247
Region,Wellington,2009,Sheep,1659327
Region,Wellington,2010,Sheep,1633879
Region,Wellington,2011,Sheep,1645127
Region,Wellington,2012,Sheep,1664892
Region,Wellington,2013,Sheep,1572985
Region,Wellington,2014,Sheep,1559548
Region,Wellington,2015,Sheep,1420470
Region,Wellington,2016,Sheep,1333163
Region,Wellington,2017,Sheep,1512079
Region,Wellington,2018,Sheep,1474219
Region,Wellington,2019,Sheep,1434408
Region,West Coast,1990,Sheep,313543
Region,West Coast,1991,Sheep,260195
Region,West Coast,1992,Sheep,246500
Region,West Coast,1993,Sheep,237449
Region,West Coast,1994,Sheep,216544
Region,West Coast,1995,Sheep,221246
Region,West Coast,1996,Sheep,172864
Region,West Coast,1997,Sheep,NA
Region,West Coast,1998,Sheep,NA
Region,West Coast,1999,Sheep,103837
Region,West Coast,2000,Sheep,NA
Region,West Coast,2001,Sheep,NA
Region,West Coast,2002,Sheep,92508
Region,West Coast,2003,Sheep,83978
Region,West Coast,2004,Sheep,81941
Region,West Coast,2005,Sheep,74988
Region,West Coast,2006,Sheep,78067
Region,West Coast,2007,Sheep,54094
Region,West Coast,2008,Sheep,43156
Region,West Coast,2009,Sheep,42889
Region,West Coast,2010,Sheep,41523
Region,West Coast,2011,Sheep,34778
Region,West Coast,2012,Sheep,58085
Region,West Coast,2013,Sheep,32876
Region,West Coast,2014,Sheep,58642
Region,West Coast,2015,Sheep,24679
Region,West Coast,2016,Sheep,23148
Region,West Coast,2017,Sheep,40384
Region,West Coast,2018,Sheep,NA
Region,West Coast,2019,Sheep,21197
New Zealand,New Zealand,1971,Total cattle,7995000
New Zealand,New Zealand,1972,Total cattle,8632000
New Zealand,New Zealand,1973,Total cattle,8924000
New Zealand,New Zealand,1974,Total cattle,9311000
New Zealand,New Zealand,1975,Total cattle,9292000
New Zealand,New Zealand,1976,Total cattle,9017000
New Zealand,New Zealand,1977,Total cattle,8739000
New Zealand,New Zealand,1978,Total cattle,8418011
New Zealand,New Zealand,1979,Total cattle,8022405
New Zealand,New Zealand,1980,Total cattle,8131214
New Zealand,New Zealand,1981,Total cattle,8035468
New Zealand,New Zealand,1982,Total cattle,7912303
New Zealand,New Zealand,1983,Total cattle,7630482
New Zealand,New Zealand,1984,Total cattle,7776089
New Zealand,New Zealand,1985,Total cattle,7921150
New Zealand,New Zealand,1986,Total cattle,8279122
New Zealand,New Zealand,1987,Total cattle,7998958
New Zealand,New Zealand,1988,Total cattle,8057898
New Zealand,New Zealand,1989,Total cattle,7828433
New Zealand,New Zealand,1990,Total cattle,8033976
New Zealand,New Zealand,1991,Total cattle,8099996
New Zealand,New Zealand,1992,Total cattle,8144321
New Zealand,New Zealand,1993,Total cattle,8308102
New Zealand,New Zealand,1994,Total cattle,8887032
New Zealand,New Zealand,1995,Total cattle,9272325
New Zealand,New Zealand,1996,Total cattle,9017277
New Zealand,New Zealand,1997,Total cattle,NA
New Zealand,New Zealand,1998,Total cattle,NA
New Zealand,New Zealand,1999,Total cattle,8960114
New Zealand,New Zealand,2000,Total cattle,NA
New Zealand,New Zealand,2001,Total cattle,NA
New Zealand,New Zealand,2002,Total cattle,9652870
New Zealand,New Zealand,2003,Total cattle,9728220
New Zealand,New Zealand,2004,Total cattle,9599892
New Zealand,New Zealand,2005,Total cattle,9510802
New Zealand,New Zealand,2006,Total cattle,9608693
New Zealand,New Zealand,2007,Total cattle,9654467
New Zealand,New Zealand,2008,Total cattle,9715312
New Zealand,New Zealand,2009,Total cattle,9961494
New Zealand,New Zealand,2010,Total cattle,9863972
New Zealand,New Zealand,2011,Total cattle,10020917
New Zealand,New Zealand,2012,Total cattle,10180093
New Zealand,New Zealand,2013,Total cattle,10182122
New Zealand,New Zealand,2014,Total cattle,10368188
New Zealand,New Zealand,2015,Total cattle,10032763
New Zealand,New Zealand,2016,Total cattle,10151854
New Zealand,New Zealand,2017,Total cattle,10145902
New Zealand,New Zealand,2018,Total cattle,10106803
New Zealand,New Zealand,2019,Total cattle,10150891
Region,Auckland,1990,Total cattle,519305
Region,Auckland,1991,Total cattle,514200
Region,Auckland,1992,Total cattle,499875
Region,Auckland,1993,Total cattle,360473
Region,Auckland,1994,Total cattle,382493
Region,Auckland,1995,Total cattle,395610
Region,Auckland,1996,Total cattle,346525
Region,Auckland,1997,Total cattle,NA
Region,Auckland,1998,Total cattle,NA
Region,Auckland,1999,Total cattle,310683
Region,Auckland,2000,Total cattle,NA
Region,Auckland,2001,Total cattle,NA
Region,Auckland,2002,Total cattle,322437
Region,Auckland,2003,Total cattle,347625
Region,Auckland,2004,Total cattle,307657
Region,Auckland,2005,Total cattle,289883
Region,Auckland,2006,Total cattle,269982
Region,Auckland,2007,Total cattle,270131
Region,Auckland,2008,Total cattle,259250
Region,Auckland,2009,Total cattle,229399
Region,Auckland,2010,Total cattle,232413
Region,Auckland,2011,Total cattle,250105
Region,Auckland,2012,Total cattle,234739
Region,Auckland,2013,Total cattle,226113
Region,Auckland,2014,Total cattle,219353
Region,Auckland,2015,Total cattle,235960
Region,Auckland,2016,Total cattle,NA
Region,Auckland,2017,Total cattle,244271
Region,Auckland,2018,Total cattle,230126
Region,Auckland,2019,Total cattle,241683
Region,Bay of Plenty,1990,Total cattle,512818
Region,Bay of Plenty,1991,Total cattle,514510
Region,Bay of Plenty,1992,Total cattle,517307
Region,Bay of Plenty,1993,Total cattle,423108
Region,Bay of Plenty,1994,Total cattle,450558
Region,Bay of Plenty,1995,Total cattle,473763
Region,Bay of Plenty,1996,Total cattle,469487
Region,Bay of Plenty,1997,Total cattle,NA
Region,Bay of Plenty,1998,Total cattle,NA
Region,Bay of Plenty,1999,Total cattle,465339
Region,Bay of Plenty,2000,Total cattle,NA
Region,Bay of Plenty,2001,Total cattle,NA
Region,Bay of Plenty,2002,Total cattle,466225
Region,Bay of Plenty,2003,Total cattle,452190
Region,Bay of Plenty,2004,Total cattle,437651
Region,Bay of Plenty,2005,Total cattle,438120
Region,Bay of Plenty,2006,Total cattle,417944
Region,Bay of Plenty,2007,Total cattle,418756
Region,Bay of Plenty,2008,Total cattle,417864
Region,Bay of Plenty,2009,Total cattle,409237
Region,Bay of Plenty,2010,Total cattle,389724
Region,Bay of Plenty,2011,Total cattle,415329
Region,Bay of Plenty,2012,Total cattle,405683
Region,Bay of Plenty,2013,Total cattle,407663
Region,Bay of Plenty,2014,Total cattle,421158
Region,Bay of Plenty,2015,Total cattle,447807
Region,Bay of Plenty,2016,Total cattle,431753
Region,Bay of Plenty,2017,Total cattle,429926
Region,Bay of Plenty,2018,Total cattle,402998
Region,Bay of Plenty,2019,Total cattle,424435
Region,Canterbury,1990,Total cattle,432537
Region,Canterbury,1991,Total cattle,459359
Region,Canterbury,1992,Total cattle,469948
Region,Canterbury,1993,Total cattle,570758
Region,Canterbury,1994,Total cattle,665324
Region,Canterbury,1995,Total cattle,727237
Region,Canterbury,1996,Total cattle,736316
Region,Canterbury,1997,Total cattle,NA
Region,Canterbury,1998,Total cattle,NA
Region,Canterbury,1999,Total cattle,790962
Region,Canterbury,2000,Total cattle,NA
Region,Canterbury,2001,Total cattle,NA
Region,Canterbury,2002,Total cattle,1048071
Region,Canterbury,2003,Total cattle,1110185
Region,Canterbury,2004,Total cattle,1131881
Region,Canterbury,2005,Total cattle,1138932
Region,Canterbury,2006,Total cattle,1185628
Region,Canterbury,2007,Total cattle,1339743
Region,Canterbury,2008,Total cattle,1365331
Region,Canterbury,2009,Total cattle,1447948
Region,Canterbury,2010,Total cattle,1424837
Region,Canterbury,2011,Total cattle,1524503
Region,Canterbury,2012,Total cattle,1671039
Region,Canterbury,2013,Total cattle,1797462
Region,Canterbury,2014,Total cattle,1780464
Region,Canterbury,2015,Total cattle,1694591
Region,Canterbury,2016,Total cattle,1736519
Region,Canterbury,2017,Total cattle,1775608
Region,Canterbury,2018,Total cattle,1838773
Region,Canterbury,2019,Total cattle,1737163
Region,Chatham Islands,1990,Total cattle,NA
Region,Chatham Islands,1991,Total cattle,NA
Region,Chatham Islands,1992,Total cattle,NA
Region,Chatham Islands,1993,Total cattle,4938
Region,Chatham Islands,1994,Total cattle,6540
Region,Chatham Islands,1995,Total cattle,6949
Region,Chatham Islands,1996,Total cattle,7581
Region,Chatham Islands,1997,Total cattle,NA
Region,Chatham Islands,1998,Total cattle,NA
Region,Chatham Islands,1999,Total cattle,NA
Region,Chatham Islands,2000,Total cattle,NA
Region,Chatham Islands,2001,Total cattle,NA
Region,Chatham Islands,2002,Total cattle,NA
Region,Chatham Islands,2003,Total cattle,NA
Region,Chatham Islands,2004,Total cattle,NA
Region,Chatham Islands,2005,Total cattle,NA
Region,Chatham Islands,2006,Total cattle,NA
Region,Chatham Islands,2007,Total cattle,11905
Region,Chatham Islands,2008,Total cattle,NA
Region,Chatham Islands,2009,Total cattle,13374
Region,Chatham Islands,2010,Total cattle,NA
Region,Chatham Islands,2011,Total cattle,13268
Region,Chatham Islands,2012,Total cattle,11118
Region,Chatham Islands,2013,Total cattle,10050
Region,Chatham Islands,2014,Total cattle,9926
Region,Chatham Islands,2015,Total cattle,10462
Region,Chatham Islands,2016,Total cattle,NA
Region,Chatham Islands,2017,Total cattle,11351
Region,Chatham Islands,2018,Total cattle,NA
Region,Chatham Islands,2019,Total cattle,NA
Region,Gisborne,1990,Total cattle,329655
Region,Gisborne,1991,Total cattle,337189
Region,Gisborne,1992,Total cattle,346264
Region,Gisborne,1993,Total cattle,340787
Region,Gisborne,1994,Total cattle,357610
Region,Gisborne,1995,Total cattle,370880
Region,Gisborne,1996,Total cattle,372827
Region,Gisborne,1997,Total cattle,NA
Region,Gisborne,1998,Total cattle,NA
Region,Gisborne,1999,Total cattle,286441
Region,Gisborne,2000,Total cattle,NA
Region,Gisborne,2001,Total cattle,NA
Region,Gisborne,2002,Total cattle,322356
Region,Gisborne,2003,Total cattle,356882
Region,Gisborne,2004,Total cattle,348428
Region,Gisborne,2005,Total cattle,306668
Region,Gisborne,2006,Total cattle,311984
Region,Gisborne,2007,Total cattle,295187
Region,Gisborne,2008,Total cattle,303510
Region,Gisborne,2009,Total cattle,261380
Region,Gisborne,2010,Total cattle,272608
Region,Gisborne,2011,Total cattle,289823
Region,Gisborne,2012,Total cattle,284694
Region,Gisborne,2013,Total cattle,279788
Region,Gisborne,2014,Total cattle,292637
Region,Gisborne,2015,Total cattle,255167
Region,Gisborne,2016,Total cattle,255223
Region,Gisborne,2017,Total cattle,256645
Region,Gisborne,2018,Total cattle,272357
Region,Gisborne,2019,Total cattle,261732
Region,Hawke's Bay,1990,Total cattle,441006
Region,Hawke's Bay,1991,Total cattle,463479
Region,Hawke's Bay,1992,Total cattle,495220
Region,Hawke's Bay,1993,Total cattle,536919
Region,Hawke's Bay,1994,Total cattle,554474
Region,Hawke's Bay,1995,Total cattle,559142
Region,Hawke's Bay,1996,Total cattle,559763
Region,Hawke's Bay,1997,Total cattle,NA
Region,Hawke's Bay,1998,Total cattle,NA
Region,Hawke's Bay,1999,Total cattle,586855
Region,Hawke's Bay,2000,Total cattle,NA
Region,Hawke's Bay,2001,Total cattle,NA
Region,Hawke's Bay,2002,Total cattle,644971
Region,Hawke's Bay,2003,Total cattle,667254
Region,Hawke's Bay,2004,Total cattle,704657
Region,Hawke's Bay,2005,Total cattle,611285
Region,Hawke's Bay,2006,Total cattle,608228
Region,Hawke's Bay,2007,Total cattle,518566
Region,Hawke's Bay,2008,Total cattle,593323
Region,Hawke's Bay,2009,Total cattle,530078
Region,Hawke's Bay,2010,Total cattle,567668
Region,Hawke's Bay,2011,Total cattle,578742
Region,Hawke's Bay,2012,Total cattle,564057
Region,Hawke's Bay,2013,Total cattle,528867
Region,Hawke's Bay,2014,Total cattle,539675
Region,Hawke's Bay,2015,Total cattle,523657
Region,Hawke's Bay,2016,Total cattle,525691
Region,Hawke's Bay,2017,Total cattle,508838
Region,Hawke's Bay,2018,Total cattle,515795
Region,Hawke's Bay,2019,Total cattle,526767
Region,Manawatu-Whanganui,1990,Total cattle,983201
Region,Manawatu-Whanganui,1991,Total cattle,989944
Region,Manawatu-Whanganui,1992,Total cattle,1007359
Region,Manawatu-Whanganui,1993,Total cattle,1024053
Region,Manawatu-Whanganui,1994,Total cattle,1132903
Region,Manawatu-Whanganui,1995,Total cattle,1181267
Region,Manawatu-Whanganui,1996,Total cattle,1107443
Region,Manawatu-Whanganui,1997,Total cattle,NA
Region,Manawatu-Whanganui,1998,Total cattle,NA
Region,Manawatu-Whanganui,1999,Total cattle,1081223
Region,Manawatu-Whanganui,2000,Total cattle,NA
Region,Manawatu-Whanganui,2001,Total cattle,NA
Region,Manawatu-Whanganui,2002,Total cattle,1143108
Region,Manawatu-Whanganui,2003,Total cattle,1108249
Region,Manawatu-Whanganui,2004,Total cattle,1023071
Region,Manawatu-Whanganui,2005,Total cattle,1107266
Region,Manawatu-Whanganui,2006,Total cattle,1091996
Region,Manawatu-Whanganui,2007,Total cattle,1074413
Region,Manawatu-Whanganui,2008,Total cattle,1008612
Region,Manawatu-Whanganui,2009,Total cattle,1034581
Region,Manawatu-Whanganui,2010,Total cattle,1105048
Region,Manawatu-Whanganui,2011,Total cattle,1066624
Region,Manawatu-Whanganui,2012,Total cattle,1055031
Region,Manawatu-Whanganui,2013,Total cattle,1018173
Region,Manawatu-Whanganui,2014,Total cattle,1062238
Region,Manawatu-Whanganui,2015,Total cattle,1018754
Region,Manawatu-Whanganui,2016,Total cattle,1067822
Region,Manawatu-Whanganui,2017,Total cattle,1030913
Region,Manawatu-Whanganui,2018,Total cattle,1040488
Region,Manawatu-Whanganui,2019,Total cattle,1042515
Region,Marlborough,1990,Total cattle,NA
Region,Marlborough,1991,Total cattle,NA
Region,Marlborough,1992,Total cattle,NA
Region,Marlborough,1993,Total cattle,81692
Region,Marlborough,1994,Total cattle,97104
Region,Marlborough,1995,Total cattle,104389
Region,Marlborough,1996,Total cattle,104017
Region,Marlborough,1997,Total cattle,NA
Region,Marlborough,1998,Total cattle,NA
Region,Marlborough,1999,Total cattle,118036
Region,Marlborough,2000,Total cattle,NA
Region,Marlborough,2001,Total cattle,NA
Region,Marlborough,2002,Total cattle,105005
Region,Marlborough,2003,Total cattle,98188
Region,Marlborough,2004,Total cattle,93894
Region,Marlborough,2005,Total cattle,94224
Region,Marlborough,2006,Total cattle,93613
Region,Marlborough,2007,Total cattle,89667
Region,Marlborough,2008,Total cattle,90403
Region,Marlborough,2009,Total cattle,90718
Region,Marlborough,2010,Total cattle,86832
Region,Marlborough,2011,Total cattle,81116
Region,Marlborough,2012,Total cattle,93345
Region,Marlborough,2013,Total cattle,87983
Region,Marlborough,2014,Total cattle,100912
Region,Marlborough,2015,Total cattle,81306
Region,Marlborough,2016,Total cattle,79211
Region,Marlborough,2017,Total cattle,77763
Region,Marlborough,2018,Total cattle,75103
Region,Marlborough,2019,Total cattle,82440
Region,Nelson,1990,Total cattle,NA
Region,Nelson,1991,Total cattle,NA
Region,Nelson,1992,Total cattle,NA
Region,Nelson,1993,Total cattle,4031
Region,Nelson,1994,Total cattle,3303
Region,Nelson,1995,Total cattle,3761
Region,Nelson,1996,Total cattle,3619
Region,Nelson,1997,Total cattle,NA
Region,Nelson,1998,Total cattle,NA
Region,Nelson,1999,Total cattle,NA
Region,Nelson,2000,Total cattle,NA
Region,Nelson,2001,Total cattle,NA
Region,Nelson,2002,Total cattle,4311
Region,Nelson,2003,Total cattle,NA
Region,Nelson,2004,Total cattle,NA
Region,Nelson,2005,Total cattle,NA
Region,Nelson,2006,Total cattle,NA
Region,Nelson,2007,Total cattle,3160
Region,Nelson,2008,Total cattle,NA
Region,Nelson,2009,Total cattle,2367
Region,Nelson,2010,Total cattle,NA
Region,Nelson,2011,Total cattle,1986
Region,Nelson,2012,Total cattle,2967
Region,Nelson,2013,Total cattle,2465
Region,Nelson,2014,Total cattle,3692
Region,Nelson,2015,Total cattle,10950
Region,Nelson,2016,Total cattle,4022
Region,Nelson,2017,Total cattle,5644
Region,Nelson,2018,Total cattle,NA
Region,Nelson,2019,Total cattle,NA
Region,Nelson-Marlborough,1990,Total cattle,212431
Region,Nelson-Marlborough,1991,Total cattle,210994
Region,Nelson-Marlborough,1992,Total cattle,214342
Region,Nelson-Marlborough,1993,Total cattle,NA
Region,Nelson-Marlborough,1994,Total cattle,NA
Region,Nelson-Marlborough,1995,Total cattle,NA
Region,Nelson-Marlborough,1996,Total cattle,NA
Region,Nelson-Marlborough,1997,Total cattle,NA
Region,Nelson-Marlborough,1998,Total cattle,NA
Region,Nelson-Marlborough,1999,Total cattle,NA
Region,Nelson-Marlborough,2000,Total cattle,NA
Region,Nelson-Marlborough,2001,Total cattle,NA
Region,Nelson-Marlborough,2002,Total cattle,NA
Region,Nelson-Marlborough,2003,Total cattle,NA
Region,Nelson-Marlborough,2004,Total cattle,NA
Region,Nelson-Marlborough,2005,Total cattle,NA
Region,Nelson-Marlborough,2006,Total cattle,NA
Region,Nelson-Marlborough,2007,Total cattle,NA
Region,Nelson-Marlborough,2008,Total cattle,NA
Region,Nelson-Marlborough,2009,Total cattle,NA
Region,Nelson-Marlborough,2010,Total cattle,NA
Region,Nelson-Marlborough,2011,Total cattle,NA
Region,Nelson-Marlborough,2012,Total cattle,NA
Region,Nelson-Marlborough,2013,Total cattle,NA
Region,Nelson-Marlborough,2014,Total cattle,NA
Region,Nelson-Marlborough,2015,Total cattle,NA
Region,Nelson-Marlborough,2016,Total cattle,NA
Region,Nelson-Marlborough,2017,Total cattle,NA
Region,Nelson-Marlborough,2018,Total cattle,NA
Region,Nelson-Marlborough,2019,Total cattle,NA
Region,Northland,1990,Total cattle,960798
Region,Northland,1991,Total cattle,972099
Region,Northland,1992,Total cattle,948398
Region,Northland,1993,Total cattle,938215
Region,Northland,1994,Total cattle,930633
Region,Northland,1995,Total cattle,982991
Region,Northland,1996,Total cattle,946642
Region,Northland,1997,Total cattle,NA
Region,Northland,1998,Total cattle,NA
Region,Northland,1999,Total cattle,930035
Region,Northland,2000,Total cattle,NA
Region,Northland,2001,Total cattle,NA
Region,Northland,2002,Total cattle,873819
Region,Northland,2003,Total cattle,852220
Region,Northland,2004,Total cattle,850912
Region,Northland,2005,Total cattle,812457
Region,Northland,2006,Total cattle,868939
Region,Northland,2007,Total cattle,863016
Region,Northland,2008,Total cattle,899733
Region,Northland,2009,Total cattle,877808
Region,Northland,2010,Total cattle,818484
Region,Northland,2011,Total cattle,787070
Region,Northland,2012,Total cattle,778483
Region,Northland,2013,Total cattle,779434
Region,Northland,2014,Total cattle,702684
Region,Northland,2015,Total cattle,735185
Region,Northland,2016,Total cattle,761239
Region,Northland,2017,Total cattle,762358
Region,Northland,2018,Total cattle,767770
Region,Northland,2019,Total cattle,716857
Region,Otago,1990,Total cattle,279392
Region,Otago,1991,Total cattle,284115
Region,Otago,1992,Total cattle,289509
Region,Otago,1993,Total cattle,293821
Region,Otago,1994,Total cattle,352595
Region,Otago,1995,Total cattle,372114
Region,Otago,1996,Total cattle,380378
Region,Otago,1997,Total cattle,NA
Region,Otago,1998,Total cattle,NA
Region,Otago,1999,Total cattle,417139
Region,Otago,2000,Total cattle,NA
Region,Otago,2001,Total cattle,NA
Region,Otago,2002,Total cattle,471893
Region,Otago,2003,Total cattle,454036
Region,Otago,2004,Total cattle,434164
Region,Otago,2005,Total cattle,443458
Region,Otago,2006,Total cattle,459003
Region,Otago,2007,Total cattle,510619
Region,Otago,2008,Total cattle,524139
Region,Otago,2009,Total cattle,548634
Region,Otago,2010,Total cattle,543414
Region,Otago,2011,Total cattle,576139
Region,Otago,2012,Total cattle,626676
Region,Otago,2013,Total cattle,643837
Region,Otago,2014,Total cattle,669993
Region,Otago,2015,Total cattle,657664
Region,Otago,2016,Total cattle,568264
Region,Otago,2017,Total cattle,596673
Region,Otago,2018,Total cattle,627565
Region,Otago,2019,Total cattle,678071
Region,Southland,1990,Total cattle,224305
Region,Southland,1991,Total cattle,224993
Region,Southland,1992,Total cattle,224613
Region,Southland,1993,Total cattle,245447
Region,Southland,1994,Total cattle,316916
Region,Southland,1995,Total cattle,340132
Region,Southland,1996,Total cattle,341659
Region,Southland,1997,Total cattle,NA
Region,Southland,1998,Total cattle,NA
Region,Southland,1999,Total cattle,462796
Region,Southland,2000,Total cattle,NA
Region,Southland,2001,Total cattle,NA
Region,Southland,2002,Total cattle,559890
Region,Southland,2003,Total cattle,567835
Region,Southland,2004,Total cattle,565544
Region,Southland,2005,Total cattle,550401
Region,Southland,2006,Total cattle,580543
Region,Southland,2007,Total cattle,640230
Region,Southland,2008,Total cattle,686533
Region,Southland,2009,Total cattle,804112
Region,Southland,2010,Total cattle,785355
Region,Southland,2011,Total cattle,788446
Region,Southland,2012,Total cattle,842731
Region,Southland,2013,Total cattle,783459
Region,Southland,2014,Total cattle,873996
Region,Southland,2015,Total cattle,895927
Region,Southland,2016,Total cattle,878146
Region,Southland,2017,Total cattle,856212
Region,Southland,2018,Total cattle,NA
Region,Southland,2019,Total cattle,827744
Region,Taranaki,1990,Total cattle,737503
Region,Taranaki,1991,Total cattle,735360
Region,Taranaki,1992,Total cattle,742999
Region,Taranaki,1993,Total cattle,722384
Region,Taranaki,1994,Total cattle,771867
Region,Taranaki,1995,Total cattle,786803
Region,Taranaki,1996,Total cattle,755450
Region,Taranaki,1997,Total cattle,NA
Region,Taranaki,1998,Total cattle,NA
Region,Taranaki,1999,Total cattle,731281
Region,Taranaki,2000,Total cattle,NA
Region,Taranaki,2001,Total cattle,NA
Region,Taranaki,2002,Total cattle,778918
Region,Taranaki,2003,Total cattle,744643
Region,Taranaki,2004,Total cattle,787879
Region,Taranaki,2005,Total cattle,746527
Region,Taranaki,2006,Total cattle,728035
Region,Taranaki,2007,Total cattle,726288
Region,Taranaki,2008,Total cattle,703597
Region,Taranaki,2009,Total cattle,733772
Region,Taranaki,2010,Total cattle,779578
Region,Taranaki,2011,Total cattle,743947
Region,Taranaki,2012,Total cattle,707929
Region,Taranaki,2013,Total cattle,713540
Region,Taranaki,2014,Total cattle,715723
Region,Taranaki,2015,Total cattle,670205
Region,Taranaki,2016,Total cattle,662151
Region,Taranaki,2017,Total cattle,708800
Region,Taranaki,2018,Total cattle,664347
Region,Taranaki,2019,Total cattle,712178
Region,Tasman,1990,Total cattle,NA
Region,Tasman,1991,Total cattle,NA
Region,Tasman,1992,Total cattle,NA
Region,Tasman,1993,Total cattle,103594
Region,Tasman,1994,Total cattle,113545
Region,Tasman,1995,Total cattle,117358
Region,Tasman,1996,Total cattle,114855
Region,Tasman,1997,Total cattle,NA
Region,Tasman,1998,Total cattle,NA
Region,Tasman,1999,Total cattle,131538
Region,Tasman,2000,Total cattle,NA
Region,Tasman,2001,Total cattle,NA
Region,Tasman,2002,Total cattle,116505
Region,Tasman,2003,Total cattle,127361
Region,Tasman,2004,Total cattle,117071
Region,Tasman,2005,Total cattle,112757
Region,Tasman,2006,Total cattle,111753
Region,Tasman,2007,Total cattle,115277
Region,Tasman,2008,Total cattle,120558
Region,Tasman,2009,Total cattle,146074
Region,Tasman,2010,Total cattle,120871
Region,Tasman,2011,Total cattle,119158
Region,Tasman,2012,Total cattle,112105
Region,Tasman,2013,Total cattle,118550
Region,Tasman,2014,Total cattle,116760
Region,Tasman,2015,Total cattle,119394
Region,Tasman,2016,Total cattle,97621
Region,Tasman,2017,Total cattle,105919
Region,Tasman,2018,Total cattle,109607
Region,Tasman,2019,Total cattle,101602
Region,Waikato,1990,Total cattle,2035071
Region,Waikato,1991,Total cattle,2015072
Region,Waikato,1992,Total cattle,1990705
Region,Waikato,1993,Total cattle,2243752
Region,Waikato,1994,Total cattle,2307569
Region,Waikato,1995,Total cattle,2387482
Region,Waikato,1996,Total cattle,2324590
Region,Waikato,1997,Total cattle,NA
Region,Waikato,1998,Total cattle,NA
Region,Waikato,1999,Total cattle,2182614
Region,Waikato,2000,Total cattle,NA
Region,Waikato,2001,Total cattle,NA
Region,Waikato,2002,Total cattle,2330330
Region,Waikato,2003,Total cattle,2376115
Region,Waikato,2004,Total cattle,2338768
Region,Waikato,2005,Total cattle,2402922
Region,Waikato,2006,Total cattle,2396614
Region,Waikato,2007,Total cattle,2346056
Region,Waikato,2008,Total cattle,2293882
Region,Waikato,2009,Total cattle,2384581
Region,Waikato,2010,Total cattle,2292974
Region,Waikato,2011,Total cattle,2311143
Region,Waikato,2012,Total cattle,2338249
Region,Waikato,2013,Total cattle,2339472
Region,Waikato,2014,Total cattle,2383815
Region,Waikato,2015,Total cattle,2225466
Region,Waikato,2016,Total cattle,2353832
Region,Waikato,2017,Total cattle,2359627
Region,Waikato,2018,Total cattle,2331349
Region,Waikato,2019,Total cattle,2369884
Region,Wellington,1990,Total cattle,227964
Region,Wellington,1991,Total cattle,240653
Region,Wellington,1992,Total cattle,261673
Region,Wellington,1993,Total cattle,273770
Region,Wellington,1994,Total cattle,296614
Region,Wellington,1995,Total cattle,311315
Region,Wellington,1996,Total cattle,295170
Region,Wellington,1997,Total cattle,NA
Region,Wellington,1998,Total cattle,NA
Region,Wellington,1999,Total cattle,279173
Region,Wellington,2000,Total cattle,NA
Region,Wellington,2001,Total cattle,NA
Region,Wellington,2002,Total cattle,292500
Region,Wellington,2003,Total cattle,288262
Region,Wellington,2004,Total cattle,269227
Region,Wellington,2005,Total cattle,266309
Region,Wellington,2006,Total cattle,279494
Region,Wellington,2007,Total cattle,248697
Region,Wellington,2008,Total cattle,243907
Region,Wellington,2009,Total cattle,232125
Region,Wellington,2010,Total cattle,235773
Region,Wellington,2011,Total cattle,264681
Region,Wellington,2012,Total cattle,248594
Region,Wellington,2013,Total cattle,240117
Region,Wellington,2014,Total cattle,245968
Region,Wellington,2015,Total cattle,231423
Region,Wellington,2016,Total cattle,221344
Region,Wellington,2017,Total cattle,231728
Region,Wellington,2018,Total cattle,210958
Region,Wellington,2019,Total cattle,232755
Region,West Coast,1990,Total cattle,137990
Region,West Coast,1991,Total cattle,138029
Region,West Coast,1992,Total cattle,136109
Region,West Coast,1993,Total cattle,140360
Region,West Coast,1994,Total cattle,146984
Region,West Coast,1995,Total cattle,151132
Region,West Coast,1996,Total cattle,150953
Region,West Coast,1997,Total cattle,NA
Region,West Coast,1998,Total cattle,NA
Region,West Coast,1999,Total cattle,173356
Region,West Coast,2000,Total cattle,NA
Region,West Coast,2001,Total cattle,NA
Region,West Coast,2002,Total cattle,163548
Region,West Coast,2003,Total cattle,159540
Region,West Coast,2004,Total cattle,172675
Region,West Coast,2005,Total cattle,174645
Region,West Coast,2006,Total cattle,185827
Region,West Coast,2007,Total cattle,182756
Region,West Coast,2008,Total cattle,187581
Region,West Coast,2009,Total cattle,215308
Region,West Coast,2010,Total cattle,192606
Region,West Coast,2011,Total cattle,208839
Region,West Coast,2012,Total cattle,202653
Region,West Coast,2013,Total cattle,205149
Region,West Coast,2014,Total cattle,229194
Region,West Coast,2015,Total cattle,218845
Region,West Coast,2016,Total cattle,212858
Region,West Coast,2017,Total cattle,183626
Region,West Coast,2018,Total cattle,168907
Region,West Coast,2019,Total cattle,183912
Territorial Authority,Ashburton District,2012,Dairy cattle,430174
Territorial Authority,Ashburton District,1994,Dairy cattle,63802
Territorial Authority,Ashburton District,2002,Dairy cattle,188019
Territorial Authority,Ashburton District,2007,Dairy cattle,261134
Territorial Authority,Ashburton District,2017,Dairy cattle,451567
Territorial Authority,Auckland,1994,Dairy cattle,224654
Territorial Authority,Auckland,2002,Dairy cattle,206505
Territorial Authority,Auckland,2007,Dairy cattle,171288
Territorial Authority,Auckland,2012,Dairy cattle,117281
Territorial Authority,Auckland,2017,Dairy cattle,132323
Territorial Authority,Buller District,2012,Dairy cattle,60333
Territorial Authority,Buller District,1994,Dairy cattle,28942
Territorial Authority,Buller District,2002,Dairy cattle,48891
Territorial Authority,Buller District,2007,Dairy cattle,55652
Territorial Authority,Buller District,2017,Dairy cattle,51122
Territorial Authority,Carterton District,2012,Dairy cattle,27363
Territorial Authority,Carterton District,1994,Dairy cattle,24543
Territorial Authority,Carterton District,2002,Dairy cattle,32154
Territorial Authority,Carterton District,2007,Dairy cattle,25609
Territorial Authority,Carterton District,2017,Dairy cattle,21624
Territorial Authority,Central Hawke's Bay District,2012,Dairy cattle,46063
Territorial Authority,Central Hawke's Bay District,1994,Dairy cattle,16009
Territorial Authority,Central Hawke's Bay District,2002,Dairy cattle,38794
Territorial Authority,Central Hawke's Bay District,2007,Dairy cattle,33536
Territorial Authority,Central Hawke's Bay District,2017,Dairy cattle,51605
Territorial Authority,Central Otago District,2012,Dairy cattle,48384
Territorial Authority,Central Otago District,1994,Dairy cattle,2474
Territorial Authority,Central Otago District,2002,Dairy cattle,13223
Territorial Authority,Central Otago District,2007,Dairy cattle,11939
Territorial Authority,Central Otago District,2017,Dairy cattle,45208
Territorial Authority,Chatham Islands,1994,Dairy cattle,68
Territorial Authority,Chatham Islands,2002,Dairy cattle,NA
Territorial Authority,Chatham Islands,2007,Dairy cattle,NA
Territorial Authority,Chatham Islands,2017,Dairy cattle,52
Territorial Authority,Chatham Islands Territory,2012,Dairy cattle,NA
Territorial Authority,Christchurch City,2012,Dairy cattle,11192
Territorial Authority,Christchurch City,1994,Dairy cattle,7673
Territorial Authority,Christchurch City,2002,Dairy cattle,11354
Territorial Authority,Christchurch City,2007,Dairy cattle,15706
Territorial Authority,Christchurch City,2017,Dairy cattle,51273
Territorial Authority,Clutha District,2012,Dairy cattle,163274
Territorial Authority,Clutha District,1994,Dairy cattle,26559
Territorial Authority,Clutha District,2002,Dairy cattle,96908
Territorial Authority,Clutha District,2007,Dairy cattle,111662
Territorial Authority,Clutha District,2017,Dairy cattle,159987
Territorial Authority,Dunedin City,2012,Dairy cattle,35327
Territorial Authority,Dunedin City,1994,Dairy cattle,21876
Territorial Authority,Dunedin City,2002,Dairy cattle,35136
Territorial Authority,Dunedin City,2007,Dairy cattle,36102
Territorial Authority,Dunedin City,2017,Dairy cattle,42699
Territorial Authority,Far North District,2012,Dairy cattle,104753
Territorial Authority,Far North District,1994,Dairy cattle,93295
Territorial Authority,Far North District,2002,Dairy cattle,109405
Territorial Authority,Far North District,2007,Dairy cattle,90800
Territorial Authority,Far North District,2017,Dairy cattle,114875
Territorial Authority,Gisborne District,2012,Dairy cattle,17095
Territorial Authority,Gisborne District,1994,Dairy cattle,6226
Territorial Authority,Gisborne District,2002,Dairy cattle,12533
Territorial Authority,Gisborne District,2007,Dairy cattle,7891
Territorial Authority,Gisborne District,2017,Dairy cattle,9407
Territorial Authority,Gore District,2012,Dairy cattle,73407
Territorial Authority,Gore District,1994,Dairy cattle,13007
Territorial Authority,Gore District,2002,Dairy cattle,45375
Territorial Authority,Gore District,2007,Dairy cattle,42802
Territorial Authority,Gore District,2017,Dairy cattle,81437
Territorial Authority,Grey District,2012,Dairy cattle,45741
Territorial Authority,Grey District,1994,Dairy cattle,13208
Territorial Authority,Grey District,2002,Dairy cattle,27524
Territorial Authority,Grey District,2007,Dairy cattle,40676
Territorial Authority,Grey District,2017,Dairy cattle,45743
Territorial Authority,Hamilton City,2012,Dairy cattle,6787
Territorial Authority,Hamilton City,1994,Dairy cattle,11618
Territorial Authority,Hamilton City,2002,Dairy cattle,4770
Territorial Authority,Hamilton City,2007,Dairy cattle,8103
Territorial Authority,Hamilton City,2017,Dairy cattle,NA
Territorial Authority,Hastings District,2012,Dairy cattle,41244
Territorial Authority,Hastings District,1994,Dairy cattle,9364
Territorial Authority,Hastings District,2002,Dairy cattle,33312
Territorial Authority,Hastings District,2007,Dairy cattle,31823
Territorial Authority,Hastings District,2017,Dairy cattle,28315
Territorial Authority,Hauraki District,2012,Dairy cattle,157012
Territorial Authority,Hauraki District,1994,Dairy cattle,137303
Territorial Authority,Hauraki District,2002,Dairy cattle,144818
Territorial Authority,Hauraki District,2007,Dairy cattle,148240
Territorial Authority,Hauraki District,2017,Dairy cattle,149885
Territorial Authority,Horowhenua District,2012,Dairy cattle,69386
Territorial Authority,Horowhenua District,1994,Dairy cattle,53539
Territorial Authority,Horowhenua District,2002,Dairy cattle,72787
Territorial Authority,Horowhenua District,2007,Dairy cattle,67062
Territorial Authority,Horowhenua District,2017,Dairy cattle,82412
Territorial Authority,Hurunui District,2012,Dairy cattle,103121
Territorial Authority,Hurunui District,1994,Dairy cattle,20332
Territorial Authority,Hurunui District,2002,Dairy cattle,45271
Territorial Authority,Hurunui District,2007,Dairy cattle,53099
Territorial Authority,Hurunui District,2017,Dairy cattle,121836
Territorial Authority,Invercargill City,2012,Dairy cattle,17095
Territorial Authority,Invercargill City,1994,Dairy cattle,6793
Territorial Authority,Invercargill City,2002,Dairy cattle,14028
Territorial Authority,Invercargill City,2007,Dairy cattle,15622
Territorial Authority,Invercargill City,2017,Dairy cattle,23943
Territorial Authority,Kaikoura District,2012,Dairy cattle,13361
Territorial Authority,Kaikoura District,1994,Dairy cattle,10523
Territorial Authority,Kaikoura District,2002,Dairy cattle,13862
Territorial Authority,Kaikoura District,2007,Dairy cattle,11487
Territorial Authority,Kaikoura District,2017,Dairy cattle,12599
Territorial Authority,Kaipara District,2012,Dairy cattle,157317
Territorial Authority,Kaipara District,1994,Dairy cattle,142752
Territorial Authority,Kaipara District,2002,Dairy cattle,146841
Territorial Authority,Kaipara District,2007,Dairy cattle,148534
Territorial Authority,Kaipara District,2017,Dairy cattle,135986
Territorial Authority,Kapiti Coast District,2012,Dairy cattle,8506
Territorial Authority,Kapiti Coast District,1994,Dairy cattle,12103
Territorial Authority,Kapiti Coast District,2002,Dairy cattle,12023
Territorial Authority,Kapiti Coast District,2007,Dairy cattle,8913
Territorial Authority,Kapiti Coast District,2017,Dairy cattle,6405
Territorial Authority,Kawerau District,2012,Dairy cattle,NA
Territorial Authority,Kawerau District,1994,Dairy cattle,NA
Territorial Authority,Kawerau District,2002,Dairy cattle,NA
Territorial Authority,Kawerau District,2007,Dairy cattle,NA
Territorial Authority,Kawerau District,2017,Dairy cattle,1840
Territorial Authority,Lower Hutt City,2012,Dairy cattle,NA
Territorial Authority,Lower Hutt City,1994,Dairy cattle,71
Territorial Authority,Lower Hutt City,2002,Dairy cattle,1723
Territorial Authority,Lower Hutt City,2007,Dairy cattle,NA
Territorial Authority,Lower Hutt City,2017,Dairy cattle,537
Territorial Authority,Mackenzie District,2012,Dairy cattle,23916
Territorial Authority,Mackenzie District,1994,Dairy cattle,1585
Territorial Authority,Mackenzie District,2002,Dairy cattle,5168
Territorial Authority,Mackenzie District,2007,Dairy cattle,9048
Territorial Authority,Mackenzie District,2017,Dairy cattle,29411
Territorial Authority,Manawatu District,2012,Dairy cattle,139038
Territorial Authority,Manawatu District,1994,Dairy cattle,87890
Territorial Authority,Manawatu District,2002,Dairy cattle,109437
Territorial Authority,Manawatu District,2007,Dairy cattle,110582
Territorial Authority,Manawatu District,2017,Dairy cattle,120470
Territorial Authority,Marlborough District,2012,Dairy cattle,33218
Territorial Authority,Marlborough District,1994,Dairy cattle,22648
Territorial Authority,Marlborough District,2002,Dairy cattle,32526
Territorial Authority,Marlborough District,2007,Dairy cattle,23899
Territorial Authority,Marlborough District,2017,Dairy cattle,25315
Territorial Authority,Masterton District,2012,Dairy cattle,22945
Territorial Authority,Masterton District,1994,Dairy cattle,8981
Territorial Authority,Masterton District,2002,Dairy cattle,16186
Territorial Authority,Masterton District,2007,Dairy cattle,15044
Territorial Authority,Masterton District,2017,Dairy cattle,16449
Territorial Authority,Matamata-Piako District,2012,Dairy cattle,365415
Territorial Authority,Matamata-Piako District,1994,Dairy cattle,355632
Territorial Authority,Matamata-Piako District,2002,Dairy cattle,377804
Territorial Authority,Matamata-Piako District,2007,Dairy cattle,349144
Territorial Authority,Matamata-Piako District,2017,Dairy cattle,370626
Territorial Authority,Napier City,2012,Dairy cattle,298
Territorial Authority,Napier City,1994,Dairy cattle,64
Territorial Authority,Napier City,2002,Dairy cattle,913
Territorial Authority,Napier City,2007,Dairy cattle,NA
Territorial Authority,Napier City,2017,Dairy cattle,NA
Territorial Authority,Nelson City,2012,Dairy cattle,NA
Territorial Authority,Nelson City,1994,Dairy cattle,1412
Territorial Authority,Nelson City,2002,Dairy cattle,NA
Territorial Authority,Nelson City,2007,Dairy cattle,1862
Territorial Authority,Nelson City,2017,Dairy cattle,2925
Territorial Authority,New Plymouth District,2012,Dairy cattle,155903
Territorial Authority,New Plymouth District,1994,Dairy cattle,155621
Territorial Authority,New Plymouth District,2002,Dairy cattle,182546
Territorial Authority,New Plymouth District,2007,Dairy cattle,147315
Territorial Authority,New Plymouth District,2017,Dairy cattle,151606
Territorial Authority,Opotiki District,2012,Dairy cattle,30587
Territorial Authority,Opotiki District,1994,Dairy cattle,30025
Territorial Authority,Opotiki District,2002,Dairy cattle,36114
Territorial Authority,Opotiki District,2007,Dairy cattle,29060
Territorial Authority,Opotiki District,2017,Dairy cattle,28847
Territorial Authority,Otorohanga District,2012,Dairy cattle,186213
Territorial Authority,Otorohanga District,1994,Dairy cattle,124356
Territorial Authority,Otorohanga District,2002,Dairy cattle,157144
Territorial Authority,Otorohanga District,2007,Dairy cattle,155418
Territorial Authority,Otorohanga District,2017,Dairy cattle,172158
Territorial Authority,Palmerston North City,2012,Dairy cattle,20267
Territorial Authority,Palmerston North City,1994,Dairy cattle,14822
Territorial Authority,Palmerston North City,2002,Dairy cattle,24384
Territorial Authority,Palmerston North City,2007,Dairy cattle,18431
Territorial Authority,Palmerston North City,2017,Dairy cattle,31469
Territorial Authority,Porirua City,2012,Dairy cattle,NA
Territorial Authority,Porirua City,1994,Dairy cattle,13
Territorial Authority,Porirua City,2002,Dairy cattle,NA
Territorial Authority,Porirua City,2007,Dairy cattle,NA
Territorial Authority,Porirua City,2017,Dairy cattle,NA
Territorial Authority,Queenstown-Lakes District,2012,Dairy cattle,2610
Territorial Authority,Queenstown-Lakes District,1994,Dairy cattle,NA
Territorial Authority,Queenstown-Lakes District,2002,Dairy cattle,3955
Territorial Authority,Queenstown-Lakes District,2007,Dairy cattle,3184
Territorial Authority,Queenstown-Lakes District,2017,Dairy cattle,3985
Territorial Authority,Rangitikei District,2012,Dairy cattle,56995
Territorial Authority,Rangitikei District,1994,Dairy cattle,29899
Territorial Authority,Rangitikei District,2002,Dairy cattle,39980
Territorial Authority,Rangitikei District,2007,Dairy cattle,42258
Territorial Authority,Rangitikei District,2017,Dairy cattle,51829
Territorial Authority,Rotorua District,2012,Dairy cattle,170432
Territorial Authority,Rotorua District,1994,Dairy cattle,120680
Territorial Authority,Rotorua District,2002,Dairy cattle,165002
Territorial Authority,Rotorua District,2007,Dairy cattle,161677
Territorial Authority,Rotorua District,2017,Dairy cattle,175420
Territorial Authority,Ruapehu District,2012,Dairy cattle,27916
Territorial Authority,Ruapehu District,1994,Dairy cattle,6002
Territorial Authority,Ruapehu District,2002,Dairy cattle,16675
Territorial Authority,Ruapehu District,2007,Dairy cattle,17334
Territorial Authority,Ruapehu District,2017,Dairy cattle,27598
Territorial Authority,Selwyn District,2012,Dairy cattle,199014
Territorial Authority,Selwyn District,1994,Dairy cattle,43441
Territorial Authority,Selwyn District,2002,Dairy cattle,105069
Territorial Authority,Selwyn District,2007,Dairy cattle,148181
Territorial Authority,Selwyn District,2017,Dairy cattle,229028
Territorial Authority,South Taranaki District,2012,Dairy cattle,365807
Territorial Authority,South Taranaki District,1994,Dairy cattle,353832
Territorial Authority,South Taranaki District,2002,Dairy cattle,373213
Territorial Authority,South Taranaki District,2007,Dairy cattle,360490
Territorial Authority,South Taranaki District,2017,Dairy cattle,365556
Territorial Authority,South Waikato District,2012,Dairy cattle,175286
Territorial Authority,South Waikato District,1994,Dairy cattle,124689
Territorial Authority,South Waikato District,2002,Dairy cattle,144054
Territorial Authority,South Waikato District,2007,Dairy cattle,157840
Territorial Authority,South Waikato District,2017,Dairy cattle,196731
Territorial Authority,South Wairarapa District,2012,Dairy cattle,46549
Territorial Authority,Auckland,2007,Deer,17471
Territorial Authority,South Wairarapa District,1994,Dairy cattle,35538
Territorial Authority,South Wairarapa District,2002,Dairy cattle,45805
Territorial Authority,South Wairarapa District,2007,Dairy cattle,41656
Territorial Authority,South Wairarapa District,2017,Dairy cattle,49796
Territorial Authority,Southland District,2012,Dairy cattle,580079
Territorial Authority,Southland District,1994,Dairy cattle,94578
Territorial Authority,Southland District,2002,Dairy cattle,296817
Territorial Authority,Southland District,2007,Dairy cattle,374218
Territorial Authority,Southland District,2017,Dairy cattle,575631
Territorial Authority,Stratford District,2012,Dairy cattle,83729
Territorial Authority,Stratford District,1994,Dairy cattle,90376
Territorial Authority,Stratford District,2002,Dairy cattle,96372
Territorial Authority,Stratford District,2007,Dairy cattle,82154
Territorial Authority,Stratford District,2017,Dairy cattle,73738
Territorial Authority,Tararua District,2012,Dairy cattle,135575
Territorial Authority,Tararua District,1994,Dairy cattle,98593
Territorial Authority,Tararua District,2002,Dairy cattle,125565
Territorial Authority,Tararua District,2007,Dairy cattle,113775
Territorial Authority,Tararua District,2017,Dairy cattle,124317
Territorial Authority,Tasman District,2012,Dairy cattle,71956
Territorial Authority,Tasman District,1994,Dairy cattle,49092
Territorial Authority,Tasman District,2002,Dairy cattle,67473
Territorial Authority,Tasman District,2007,Dairy cattle,63849
Territorial Authority,Tasman District,2017,Dairy cattle,66114
Territorial Authority,Taupo District,2012,Dairy cattle,125796
Territorial Authority,Taupo District,1994,Dairy cattle,28616
Territorial Authority,Taupo District,2002,Dairy cattle,80364
Territorial Authority,Taupo District,2007,Dairy cattle,99537
Territorial Authority,Taupo District,2017,Dairy cattle,176566
Territorial Authority,Tauranga City,2012,Dairy cattle,NA
Territorial Authority,Tauranga City,1994,Dairy cattle,6420
Territorial Authority,Tauranga City,2002,Dairy cattle,3325
Territorial Authority,Tauranga City,2007,Dairy cattle,2076
Territorial Authority,Tauranga City,2017,Dairy cattle,NA
Territorial Authority,Thames-Coromandel District,2012,Dairy cattle,33164
Territorial Authority,Thames-Coromandel District,1994,Dairy cattle,33821
Territorial Authority,Thames-Coromandel District,2002,Dairy cattle,40251
Territorial Authority,Thames-Coromandel District,2007,Dairy cattle,32434
Territorial Authority,Thames-Coromandel District,2017,Dairy cattle,30742
Territorial Authority,Timaru District,2012,Dairy cattle,142727
Territorial Authority,Timaru District,1994,Dairy cattle,21966
Territorial Authority,Timaru District,2002,Dairy cattle,69920
Territorial Authority,Timaru District,2007,Dairy cattle,100053
Territorial Authority,Timaru District,2017,Dairy cattle,153569
Territorial Authority,Upper Hutt City,2012,Dairy cattle,2430
Territorial Authority,Upper Hutt City,1994,Dairy cattle,2579
Territorial Authority,Upper Hutt City,2002,Dairy cattle,2099
Territorial Authority,Upper Hutt City,2007,Dairy cattle,1442
Territorial Authority,Upper Hutt City,2017,Dairy cattle,1037
Territorial Authority,Waikato District,2012,Dairy cattle,325305
Territorial Authority,Waikato District,1994,Dairy cattle,220884
Territorial Authority,Waikato District,2002,Dairy cattle,241198
Territorial Authority,Waikato District,2007,Dairy cattle,251977
Territorial Authority,Waikato District,2017,Dairy cattle,300650
Territorial Authority,Waimakariri District,2012,Dairy cattle,112441
Territorial Authority,Waimakariri District,1994,Dairy cattle,20648
Territorial Authority,Waimakariri District,2002,Dairy cattle,47820
Territorial Authority,Waimakariri District,2007,Dairy cattle,67671
Territorial Authority,Waimakariri District,2017,Dairy cattle,95194
Territorial Authority,Waimate District,2012,Dairy cattle,132961
Territorial Authority,Waimate District,1994,Dairy cattle,19247
Territorial Authority,Waimate District,2002,Dairy cattle,47190
Territorial Authority,Waimate District,2007,Dairy cattle,72840
Territorial Authority,Waimate District,2017,Dairy cattle,126819
Territorial Authority,Waipa District,2012,Dairy cattle,264666
Territorial Authority,Waipa District,1994,Dairy cattle,231599
Territorial Authority,Waipa District,2002,Dairy cattle,266687
Territorial Authority,Waipa District,2007,Dairy cattle,245858
Territorial Authority,Waipa District,2017,Dairy cattle,269628
Territorial Authority,Wairoa District,2012,Dairy cattle,5162
Territorial Authority,Wairoa District,1994,Dairy cattle,6170
Territorial Authority,Wairoa District,2002,Dairy cattle,8050
Territorial Authority,Wairoa District,2007,Dairy cattle,NA
Territorial Authority,Wairoa District,2017,Dairy cattle,4765
Territorial Authority,Waitaki District,2012,Dairy cattle,118069
Territorial Authority,Waitaki District,1994,Dairy cattle,34172
Territorial Authority,Waitaki District,2002,Dairy cattle,64517
Territorial Authority,Waitaki District,2007,Dairy cattle,71095
Territorial Authority,Waitaki District,2017,Dairy cattle,118733
Territorial Authority,Waitomo District,2012,Dairy cattle,87040
Territorial Authority,Waitomo District,1994,Dairy cattle,30620
Territorial Authority,Waitomo District,2002,Dairy cattle,53195
Territorial Authority,Waitomo District,2007,Dairy cattle,61031
Territorial Authority,Waitomo District,2017,Dairy cattle,93312
Territorial Authority,Wanganui District,2012,Dairy cattle,25233
Territorial Authority,Wellington City,2012,Dairy cattle,NA
Territorial Authority,Wellington City,1994,Dairy cattle,107
Territorial Authority,Wellington City,2002,Dairy cattle,NA
Territorial Authority,Wellington City,2007,Dairy cattle,NA
Territorial Authority,Wellington City,2017,Dairy cattle,NA
Territorial Authority,Western Bay of Plenty District,1994,Dairy cattle,95731
Territorial Authority,Western Bay of Plenty District,2012,Dairy cattle,97557
Territorial Authority,Western Bay of Plenty District,2002,Dairy cattle,106410
Territorial Authority,Western Bay of Plenty District,2007,Dairy cattle,99682
Territorial Authority,Western Bay of Plenty District,2017,Dairy cattle,99004
Territorial Authority,Westland District,2012,Dairy cattle,67577
Territorial Authority,Westland District,1994,Dairy cattle,37101
Territorial Authority,Westland District,2002,Dairy cattle,48225
Territorial Authority,Westland District,2007,Dairy cattle,56153
Territorial Authority,Westland District,2017,Dairy cattle,59339
Territorial Authority,Whakatane District,2012,Dairy cattle,117046
Territorial Authority,Whakatane District,1994,Dairy cattle,115588
Territorial Authority,Whakatane District,2002,Dairy cattle,124301
Territorial Authority,Whakatane District,2007,Dairy cattle,117164
Territorial Authority,Whakatane District,2017,Dairy cattle,116221
Territorial Authority,Whanganui District,1994,Dairy cattle,16531
Territorial Authority,Whanganui District,2002,Dairy cattle,27421
Territorial Authority,Whanganui District,2007,Dairy cattle,23665
Territorial Authority,Whanganui District,2017,Dairy cattle,24608
Territorial Authority,Whangarei District,2012,Dairy cattle,135694
Territorial Authority,Whangarei District,1994,Dairy cattle,120514
Territorial Authority,Whangarei District,2002,Dairy cattle,149141
Territorial Authority,Whangarei District,2007,Dairy cattle,127849
Territorial Authority,Whangarei District,2017,Dairy cattle,128540
Territorial Authority,Ashburton District,2012,Beef cattle,78706
Territorial Authority,Ashburton District,1994,Beef cattle,87062
Territorial Authority,Ashburton District,2002,Beef cattle,96772
Territorial Authority,Ashburton District,2007,Beef cattle,114382
Territorial Authority,Ashburton District,2017,Beef cattle,79957
Territorial Authority,Auckland,1994,Beef cattle,289120
Territorial Authority,Auckland,2002,Beef cattle,237124
Territorial Authority,Auckland,2007,Beef cattle,220341
Territorial Authority,Auckland,2012,Beef cattle,117458
Territorial Authority,Auckland,2017,Beef cattle,111948
Territorial Authority,Buller District,2012,Beef cattle,5759
Territorial Authority,Buller District,1994,Beef cattle,18680
Territorial Authority,Buller District,2002,Beef cattle,10474
Territorial Authority,Buller District,2007,Beef cattle,7724
Territorial Authority,Buller District,2017,Beef cattle,6807
Territorial Authority,Carterton District,2012,Beef cattle,23509
Territorial Authority,Carterton District,1994,Beef cattle,38588
Territorial Authority,Carterton District,2002,Beef cattle,27673
Territorial Authority,Carterton District,2007,Beef cattle,23395
Territorial Authority,Carterton District,2017,Beef cattle,20255
Territorial Authority,Central Hawke's Bay District,2012,Beef cattle,168431
Territorial Authority,Central Hawke's Bay District,1994,Beef cattle,189167
Territorial Authority,Central Hawke's Bay District,2002,Beef cattle,202990
Territorial Authority,Central Hawke's Bay District,2007,Beef cattle,157794
Territorial Authority,Central Hawke's Bay District,2017,Beef cattle,142009
Territorial Authority,Central Otago District,2012,Beef cattle,80236
Territorial Authority,Central Otago District,1994,Beef cattle,56724
Territorial Authority,Central Otago District,2002,Beef cattle,61115
Territorial Authority,Central Otago District,2007,Beef cattle,66183
Territorial Authority,Central Otago District,2017,Beef cattle,66999
Territorial Authority,Chatham Islands,1994,Beef cattle,6472
Territorial Authority,Chatham Islands,2002,Beef cattle,8863
Territorial Authority,Chatham Islands,2007,Beef cattle,11905
Territorial Authority,Chatham Islands,2017,Beef cattle,11299
Territorial Authority,Chatham Islands Territory,2012,Beef cattle,NA
Territorial Authority,Christchurch City,2012,Beef cattle,30452
Territorial Authority,Christchurch City,1994,Beef cattle,35827
Territorial Authority,Christchurch City,2002,Beef cattle,33160
Territorial Authority,Christchurch City,2007,Beef cattle,36932
Territorial Authority,Christchurch City,2017,Beef cattle,36307
Territorial Authority,Clutha District,2012,Beef cattle,85049
Territorial Authority,Clutha District,1994,Beef cattle,102678
Territorial Authority,Clutha District,2002,Beef cattle,93218
Territorial Authority,Clutha District,2007,Beef cattle,96166
Territorial Authority,Clutha District,2017,Beef cattle,86366
Territorial Authority,Dunedin City,2012,Beef cattle,52350
Territorial Authority,Dunedin City,1994,Beef cattle,23297
Territorial Authority,Dunedin City,2002,Beef cattle,46851
Territorial Authority,Dunedin City,2007,Beef cattle,47976
Territorial Authority,Dunedin City,2017,Beef cattle,41151
Territorial Authority,Far North District,2012,Beef cattle,184818
Territorial Authority,Far North District,1994,Beef cattle,266638
Territorial Authority,Far North District,2002,Beef cattle,230054
Territorial Authority,Far North District,2007,Beef cattle,229655
Territorial Authority,Far North District,2017,Beef cattle,177509
Territorial Authority,Gisborne District,2012,Beef cattle,267599
Territorial Authority,Gisborne District,1994,Beef cattle,351384
Territorial Authority,Gisborne District,2002,Beef cattle,309823
Territorial Authority,Gisborne District,2007,Beef cattle,287296
Territorial Authority,Gisborne District,2017,Beef cattle,247238
Territorial Authority,Gore District,2012,Beef cattle,21291
Territorial Authority,Gore District,1994,Beef cattle,25217
Territorial Authority,Gore District,2002,Beef cattle,26431
Territorial Authority,Gore District,2007,Beef cattle,26843
Territorial Authority,Gore District,2017,Beef cattle,24448
Territorial Authority,Grey District,2012,Beef cattle,7414
Territorial Authority,Grey District,1994,Beef cattle,19109
Territorial Authority,Grey District,2002,Beef cattle,8999
Territorial Authority,Grey District,2007,Beef cattle,7388
Territorial Authority,Grey District,2017,Beef cattle,8090
Territorial Authority,Hamilton City,2012,Beef cattle,1551
Territorial Authority,Hamilton City,1994,Beef cattle,3746
Territorial Authority,Hamilton City,2002,Beef cattle,3715
Territorial Authority,Hamilton City,2007,Beef cattle,2225
Territorial Authority,Hamilton City,2017,Beef cattle,1865
Territorial Authority,Hastings District,2012,Beef cattle,186461
Territorial Authority,Hastings District,1994,Beef cattle,204037
Territorial Authority,Hastings District,2002,Beef cattle,222355
Territorial Authority,Hastings District,2007,Beef cattle,155596
Territorial Authority,Hastings District,2017,Beef cattle,173989
Territorial Authority,Hauraki District,2012,Beef cattle,20229
Territorial Authority,Hauraki District,1994,Beef cattle,41103
Territorial Authority,Hauraki District,2002,Beef cattle,21933
Territorial Authority,Hauraki District,2007,Beef cattle,24101
Territorial Authority,Hauraki District,2017,Beef cattle,19154
Territorial Authority,Horowhenua District,2012,Beef cattle,18208
Territorial Authority,Horowhenua District,1994,Beef cattle,39628
Territorial Authority,Horowhenua District,2002,Beef cattle,30080
Territorial Authority,Horowhenua District,2007,Beef cattle,28895
Territorial Authority,Horowhenua District,2017,Beef cattle,19617
Territorial Authority,Hurunui District,2012,Beef cattle,97864
Territorial Authority,Hurunui District,1994,Beef cattle,99122
Territorial Authority,Hurunui District,2002,Beef cattle,117623
Territorial Authority,Hurunui District,2007,Beef cattle,119141
Territorial Authority,Hurunui District,2017,Beef cattle,91833
Territorial Authority,Invercargill City,2012,Beef cattle,5240
Territorial Authority,Invercargill City,1994,Beef cattle,6609
Territorial Authority,Auckland,2012,Deer,12647
Territorial Authority,Invercargill City,2002,Beef cattle,4177
Territorial Authority,Invercargill City,2007,Beef cattle,5684
Territorial Authority,Invercargill City,2017,Beef cattle,5587
Territorial Authority,Kaikoura District,2012,Beef cattle,12169
Territorial Authority,Kaikoura District,1994,Beef cattle,17464
Territorial Authority,Kaikoura District,2002,Beef cattle,17000
Territorial Authority,Kaikoura District,2007,Beef cattle,18625
Territorial Authority,Kaikoura District,2017,Beef cattle,15143
Territorial Authority,Kaipara District,2012,Beef cattle,111475
Territorial Authority,Kaipara District,1994,Beef cattle,172968
Territorial Authority,Kaipara District,2002,Beef cattle,130785
Territorial Authority,Kaipara District,2007,Beef cattle,152818
Territorial Authority,Kaipara District,2017,Beef cattle,121369
Territorial Authority,Kapiti Coast District,2012,Beef cattle,6163
Territorial Authority,Kapiti Coast District,1994,Beef cattle,8149
Territorial Authority,Kapiti Coast District,2002,Beef cattle,5646
Territorial Authority,Kapiti Coast District,2007,Beef cattle,8635
Territorial Authority,Kapiti Coast District,2017,Beef cattle,3792
Territorial Authority,Kawerau District,2012,Beef cattle,NA
Territorial Authority,Kawerau District,1994,Beef cattle,2802
Territorial Authority,Kawerau District,2002,Beef cattle,NA
Territorial Authority,Kawerau District,2007,Beef cattle,NA
Territorial Authority,Kawerau District,2017,Beef cattle,88
Territorial Authority,Lower Hutt City,2012,Beef cattle,288
Territorial Authority,Lower Hutt City,1994,Beef cattle,1191
Territorial Authority,Lower Hutt City,2002,Beef cattle,1322
Territorial Authority,Lower Hutt City,2007,Beef cattle,517
Territorial Authority,Lower Hutt City,2017,Beef cattle,426
Territorial Authority,Mackenzie District,2012,Beef cattle,42387
Territorial Authority,Mackenzie District,1994,Beef cattle,31851
Territorial Authority,Mackenzie District,2002,Beef cattle,36255
Territorial Authority,Mackenzie District,2007,Beef cattle,39551
Territorial Authority,Mackenzie District,2017,Beef cattle,35506
Territorial Authority,Manawatu District,2012,Beef cattle,87366
Territorial Authority,Manawatu District,1994,Beef cattle,146654
Territorial Authority,Manawatu District,2002,Beef cattle,113372
Territorial Authority,Manawatu District,2007,Beef cattle,115109
Territorial Authority,Manawatu District,2017,Beef cattle,87970
Territorial Authority,Marlborough District,2012,Beef cattle,60127
Territorial Authority,Marlborough District,1994,Beef cattle,74456
Territorial Authority,Marlborough District,2002,Beef cattle,72479
Territorial Authority,Marlborough District,2007,Beef cattle,65768
Territorial Authority,Marlborough District,2017,Beef cattle,52448
Territorial Authority,Masterton District,2012,Beef cattle,57885
Territorial Authority,Masterton District,1994,Beef cattle,82601
Territorial Authority,Masterton District,2002,Beef cattle,79965
Territorial Authority,Masterton District,2007,Beef cattle,63866
Territorial Authority,Masterton District,2017,Beef cattle,56759
Territorial Authority,Matamata-Piako District,2012,Beef cattle,24326
Territorial Authority,Matamata-Piako District,1994,Beef cattle,50180
Territorial Authority,Matamata-Piako District,2002,Beef cattle,31997
Territorial Authority,Matamata-Piako District,2007,Beef cattle,41310
Territorial Authority,Matamata-Piako District,2017,Beef cattle,27133
Territorial Authority,Napier City,2012,Beef cattle,3458
Territorial Authority,Napier City,1994,Beef cattle,2914
Territorial Authority,Napier City,2002,Beef cattle,4399
Territorial Authority,Napier City,2007,Beef cattle,3869
Territorial Authority,Napier City,2017,Beef cattle,3514
Territorial Authority,Nelson City,2012,Beef cattle,NA
Territorial Authority,Nelson City,1994,Beef cattle,1891
Territorial Authority,Nelson City,2002,Beef cattle,2642
Territorial Authority,Nelson City,2007,Beef cattle,1298
Territorial Authority,Nelson City,2017,Beef cattle,NA
Territorial Authority,New Plymouth District,2012,Beef cattle,36486
Territorial Authority,New Plymouth District,1994,Beef cattle,61368
Territorial Authority,New Plymouth District,2002,Beef cattle,43164
Territorial Authority,New Plymouth District,2007,Beef cattle,47069
Territorial Authority,New Plymouth District,2017,Beef cattle,40429
Territorial Authority,Opotiki District,2012,Beef cattle,11906
Territorial Authority,Opotiki District,1994,Beef cattle,19103
Territorial Authority,Opotiki District,2002,Beef cattle,15225
Territorial Authority,Opotiki District,2007,Beef cattle,15376
Territorial Authority,Opotiki District,2017,Beef cattle,12045
Territorial Authority,Otorohanga District,2012,Beef cattle,49937
Territorial Authority,Otorohanga District,1994,Beef cattle,100400
Territorial Authority,Otorohanga District,2002,Beef cattle,69678
Territorial Authority,Otorohanga District,2007,Beef cattle,66930
Territorial Authority,Otorohanga District,2017,Beef cattle,47204
Territorial Authority,Palmerston North City,2012,Beef cattle,7069
Territorial Authority,Palmerston North City,1994,Beef cattle,13695
Territorial Authority,Palmerston North City,2002,Beef cattle,9509
Territorial Authority,Palmerston North City,2007,Beef cattle,7932
Territorial Authority,Palmerston North City,2017,Beef cattle,11574
Territorial Authority,Porirua City,2012,Beef cattle,2841
Territorial Authority,Porirua City,1994,Beef cattle,5003
Territorial Authority,Porirua City,2002,Beef cattle,2245
Territorial Authority,Porirua City,2007,Beef cattle,2402
Territorial Authority,Porirua City,2017,Beef cattle,1867
Territorial Authority,Queenstown-Lakes District,2012,Beef cattle,23167
Territorial Authority,Queenstown-Lakes District,1994,Beef cattle,44059
Territorial Authority,Queenstown-Lakes District,2002,Beef cattle,23193
Territorial Authority,Queenstown-Lakes District,2007,Beef cattle,23720
Territorial Authority,Queenstown-Lakes District,2017,Beef cattle,20757
Territorial Authority,Rangitikei District,2012,Beef cattle,140256
Territorial Authority,Rangitikei District,1994,Beef cattle,170812
Territorial Authority,Rangitikei District,2002,Beef cattle,156060
Territorial Authority,Rangitikei District,2007,Beef cattle,162866
Territorial Authority,Rangitikei District,2017,Beef cattle,138825
Territorial Authority,Rotorua District,2012,Beef cattle,34721
Territorial Authority,Rotorua District,1994,Beef cattle,62339
Territorial Authority,Rotorua District,2002,Beef cattle,45792
Territorial Authority,Rotorua District,2007,Beef cattle,40048
Territorial Authority,Rotorua District,2017,Beef cattle,37698
Territorial Authority,Ruapehu District,2012,Beef cattle,131504
Territorial Authority,Ruapehu District,1994,Beef cattle,183044
Territorial Authority,Ruapehu District,2002,Beef cattle,156525
Territorial Authority,Ruapehu District,2007,Beef cattle,151300
Territorial Authority,Ruapehu District,2017,Beef cattle,124797
Territorial Authority,Selwyn District,2012,Beef cattle,52384
Territorial Authority,Selwyn District,1994,Beef cattle,46799
Territorial Authority,Selwyn District,2002,Beef cattle,53838
Territorial Authority,Selwyn District,2007,Beef cattle,65912
Territorial Authority,Selwyn District,2017,Beef cattle,51343
Territorial Authority,South Taranaki District,2012,Beef cattle,42970
Territorial Authority,South Taranaki District,1994,Beef cattle,76511
Territorial Authority,South Taranaki District,2002,Beef cattle,55030
Territorial Authority,South Taranaki District,2007,Beef cattle,55205
Territorial Authority,South Taranaki District,2017,Beef cattle,44665
Territorial Authority,South Waikato District,2012,Beef cattle,10905
Territorial Authority,South Waikato District,1994,Beef cattle,25963
Territorial Authority,South Waikato District,2002,Beef cattle,12176
Territorial Authority,South Waikato District,2007,Beef cattle,14362
Territorial Authority,South Waikato District,2017,Beef cattle,11814
Territorial Authority,South Wairarapa District,2012,Beef cattle,44796
Territorial Authority,South Wairarapa District,1994,Beef cattle,69482
Territorial Authority,South Wairarapa District,2002,Beef cattle,58806
Territorial Authority,South Wairarapa District,2007,Beef cattle,52384
Territorial Authority,South Wairarapa District,2017,Beef cattle,45969
Territorial Authority,Southland District,2012,Beef cattle,145619
Territorial Authority,Southland District,1994,Beef cattle,170712
Territorial Authority,Southland District,2002,Beef cattle,173062
Territorial Authority,Southland District,2007,Beef cattle,175061
Territorial Authority,Southland District,2017,Beef cattle,145166
Territorial Authority,Stratford District,2012,Beef cattle,33763
Territorial Authority,Stratford District,1994,Beef cattle,43015
Territorial Authority,Stratford District,2002,Beef cattle,36425
Territorial Authority,Stratford District,2007,Beef cattle,40876
Territorial Authority,Stratford District,2017,Beef cattle,40387
Territorial Authority,Tararua District,2012,Beef cattle,131547
Territorial Authority,Tararua District,1994,Beef cattle,190104
Territorial Authority,Tararua District,2002,Beef cattle,177697
Territorial Authority,Tararua District,2007,Beef cattle,149505
Territorial Authority,Tararua District,2017,Beef cattle,123586
Territorial Authority,Tasman District,2012,Beef cattle,40149
Territorial Authority,Tasman District,1994,Beef cattle,64453
Territorial Authority,Tasman District,2002,Beef cattle,49032
Territorial Authority,Tasman District,2007,Beef cattle,51428
Territorial Authority,Tasman District,2017,Beef cattle,39805
Territorial Authority,Taupo District,2012,Beef cattle,43751
Territorial Authority,Taupo District,1994,Beef cattle,99240
Territorial Authority,Taupo District,2002,Beef cattle,71674
Territorial Authority,Taupo District,2007,Beef cattle,76449
Territorial Authority,Taupo District,2017,Beef cattle,46815
Territorial Authority,Tauranga City,2012,Beef cattle,1472
Territorial Authority,Tauranga City,1994,Beef cattle,6814
Territorial Authority,Tauranga City,2002,Beef cattle,4764
Territorial Authority,Tauranga City,2007,Beef cattle,NA
Territorial Authority,Tauranga City,2017,Beef cattle,2197
Territorial Authority,Thames-Coromandel District,2012,Beef cattle,25657
Territorial Authority,Thames-Coromandel District,1994,Beef cattle,40637
Territorial Authority,Thames-Coromandel District,2002,Beef cattle,35700
Territorial Authority,Thames-Coromandel District,2007,Beef cattle,33435
Territorial Authority,Thames-Coromandel District,2017,Beef cattle,22659
Territorial Authority,Timaru District,2012,Beef cattle,51878
Territorial Authority,Timaru District,1994,Beef cattle,44740
Territorial Authority,Timaru District,2002,Beef cattle,51282
Territorial Authority,Timaru District,2007,Beef cattle,70110
Territorial Authority,Timaru District,2017,Beef cattle,55561
Territorial Authority,Upper Hutt City,2012,Beef cattle,1944
Territorial Authority,Upper Hutt City,1994,Beef cattle,2681
Territorial Authority,Upper Hutt City,2002,Beef cattle,2438
Territorial Authority,Upper Hutt City,2007,Beef cattle,2714
Territorial Authority,Upper Hutt City,2017,Beef cattle,3337
Territorial Authority,Waikato District,2012,Beef cattle,170097
Territorial Authority,Waikato District,1994,Beef cattle,172600
Territorial Authority,Waikato District,2002,Beef cattle,142696
Territorial Authority,Waikato District,2007,Beef cattle,147380
Territorial Authority,Waikato District,2017,Beef cattle,167231
Territorial Authority,Waimakariri District,2012,Beef cattle,40335
Territorial Authority,Waimakariri District,1994,Beef cattle,34862
Territorial Authority,Waimakariri District,2002,Beef cattle,41547
Territorial Authority,Waimakariri District,2007,Beef cattle,47755
Territorial Authority,Waimakariri District,2017,Beef cattle,32172
Territorial Authority,Waimate District,2012,Beef cattle,47952
Territorial Authority,Waimate District,1994,Beef cattle,40346
Territorial Authority,Waimate District,2002,Beef cattle,42772
Territorial Authority,Waimate District,2007,Beef cattle,55940
Territorial Authority,Waimate District,2017,Beef cattle,47334
Territorial Authority,Waipa District,2012,Beef cattle,37019
Territorial Authority,Waipa District,1994,Beef cattle,62482
Territorial Authority,Waipa District,2002,Beef cattle,50237
Territorial Authority,Waipa District,2007,Beef cattle,50517
Territorial Authority,Waipa District,2017,Beef cattle,37190
Territorial Authority,Wairoa District,2012,Beef cattle,104099
Territorial Authority,Wairoa District,1994,Beef cattle,126182
Territorial Authority,Wairoa District,2002,Beef cattle,120340
Territorial Authority,Wairoa District,2007,Beef cattle,113076
Territorial Authority,Wairoa District,2017,Beef cattle,92005
Territorial Authority,Waitaki District,2012,Beef cattle,66215
Territorial Authority,Waitaki District,1994,Beef cattle,58423
Territorial Authority,Waitaki District,2002,Beef cattle,57926
Territorial Authority,Waitaki District,2007,Beef cattle,74768
Territorial Authority,Waitaki District,2017,Beef cattle,69944
Territorial Authority,Waitomo District,2012,Beef cattle,116305
Territorial Authority,Waitomo District,1994,Beef cattle,182527
Territorial Authority,Waitomo District,2002,Beef cattle,152935
Territorial Authority,Waitomo District,2007,Beef cattle,143707
Territorial Authority,Waitomo District,2017,Beef cattle,106394
Territorial Authority,Wanganui District,2012,Beef cattle,60283
Territorial Authority,Wellington City,2012,Beef cattle,2800
Territorial Authority,Wellington City,1994,Beef cattle,4984
Territorial Authority,Wellington City,2002,Beef cattle,3070
Territorial Authority,Wellington City,2007,Beef cattle,1734
Territorial Authority,Wellington City,2017,Beef cattle,2488
Territorial Authority,Western Bay of Plenty District,1994,Beef cattle,55554
Territorial Authority,Western Bay of Plenty District,2012,Beef cattle,33369
Territorial Authority,Western Bay of Plenty District,2002,Beef cattle,44289
Territorial Authority,Western Bay of Plenty District,2007,Beef cattle,44988
Territorial Authority,Western Bay of Plenty District,2017,Beef cattle,28842
Territorial Authority,Westland District,2012,Beef cattle,15829
Territorial Authority,Westland District,1994,Beef cattle,29944
Territorial Authority,Westland District,2002,Beef cattle,19435
Territorial Authority,Westland District,2007,Beef cattle,15163
Territorial Authority,Westland District,2017,Beef cattle,12525
Territorial Authority,Whakatane District,2012,Beef cattle,19942
Territorial Authority,Whakatane District,1994,Beef cattle,36914
Territorial Authority,Whakatane District,2002,Beef cattle,33928
Territorial Authority,Whakatane District,2007,Beef cattle,27222
Territorial Authority,Whakatane District,2017,Beef cattle,29637
Territorial Authority,Whanganui District,1994,Beef cattle,70261
Territorial Authority,Whanganui District,2002,Beef cattle,79106
Territorial Authority,Whanganui District,2007,Beef cattle,65117
Territorial Authority,Whanganui District,2017,Beef cattle,58455
Territorial Authority,Whangarei District,2012,Beef cattle,84426
Territorial Authority,Whangarei District,1994,Beef cattle,134466
Territorial Authority,Whangarei District,2002,Beef cattle,107593
Territorial Authority,Whangarei District,2007,Beef cattle,113360
Territorial Authority,Whangarei District,2017,Beef cattle,84079
Territorial Authority,Ashburton District,2012,Sheep,880789
Territorial Authority,Ashburton District,1994,Sheep,1890497
Territorial Authority,Ashburton District,2002,Sheep,1475764
Territorial Authority,Ashburton District,2007,Sheep,1293527
Territorial Authority,Ashburton District,2017,Sheep,748205
Territorial Authority,Auckland,1994,Sheep,733691
Territorial Authority,Auckland,2002,Sheep,567868
Territorial Authority,Auckland,2007,Sheep,494339
Territorial Authority,Auckland,2012,Sheep,205270
Territorial Authority,Auckland,2017,Sheep,253074
Territorial Authority,Buller District,2012,Sheep,10934
Territorial Authority,Buller District,1994,Sheep,88664
Territorial Authority,Buller District,2002,Sheep,30029
Territorial Authority,Buller District,2007,Sheep,16643
Territorial Authority,Buller District,2017,Sheep,14348
Territorial Authority,Carterton District,2012,Sheep,296794
Territorial Authority,Carterton District,1994,Sheep,375293
Territorial Authority,Carterton District,2002,Sheep,271670
Territorial Authority,Carterton District,2007,Sheep,279285
Territorial Authority,Carterton District,2017,Sheep,233623
Territorial Authority,Central Hawke's Bay District,2012,Sheep,1369734
Territorial Authority,Central Hawke's Bay District,1994,Sheep,1844418
Territorial Authority,Central Hawke's Bay District,2002,Sheep,1588831
Territorial Authority,Central Hawke's Bay District,2007,Sheep,1495088
Territorial Authority,Central Hawke's Bay District,2017,Sheep,1086456
Territorial Authority,Central Otago District,2012,Sheep,1543135
Territorial Authority,Central Otago District,1994,Sheep,1955648
Territorial Authority,Central Otago District,2002,Sheep,1720002
Territorial Authority,Central Otago District,2007,Sheep,1756092
Territorial Authority,Central Otago District,2017,Sheep,1323549
Territorial Authority,Chatham Islands,1994,Sheep,103557
Territorial Authority,Chatham Islands,2002,Sheep,56723
Territorial Authority,Chatham Islands,2007,Sheep,68816
Territorial Authority,Chatham Islands,2017,Sheep,68914
Territorial Authority,Chatham Islands Territory,2012,Sheep,59374
Territorial Authority,Christchurch City,2012,Sheep,256178
Territorial Authority,Christchurch City,1994,Sheep,365462
Territorial Authority,Christchurch City,2002,Sheep,330118
Territorial Authority,Christchurch City,2007,Sheep,313340
Territorial Authority,Christchurch City,2017,Sheep,253331
Territorial Authority,Clutha District,2012,Sheep,2135683
Territorial Authority,Clutha District,1994,Sheep,3276664
Territorial Authority,Clutha District,2002,Sheep,2560818
Territorial Authority,Clutha District,2007,Sheep,2510411
Territorial Authority,Clutha District,2017,Sheep,1868365
Territorial Authority,Dunedin City,2012,Sheep,812296
Territorial Authority,Dunedin City,1994,Sheep,581221
Territorial Authority,Dunedin City,2002,Sheep,803546
Territorial Authority,Dunedin City,2007,Sheep,810618
Territorial Authority,Dunedin City,2017,Sheep,658838
Territorial Authority,Far North District,2012,Sheep,198892
Territorial Authority,Far North District,1994,Sheep,316907
Territorial Authority,Far North District,2002,Sheep,219695
Territorial Authority,Far North District,2007,Sheep,233164
Territorial Authority,Far North District,2017,Sheep,145262
Territorial Authority,Gisborne District,2012,Sheep,1547294
Territorial Authority,Gisborne District,1994,Sheep,2088870
Territorial Authority,Gisborne District,2002,Sheep,1679377
Territorial Authority,Gisborne District,2007,Sheep,1825496
Territorial Authority,Gisborne District,2017,Sheep,1412045
Territorial Authority,Gore District,2012,Sheep,792004
Territorial Authority,Gore District,1994,Sheep,1116007
Territorial Authority,Gore District,2002,Sheep,978975
Territorial Authority,Gore District,2007,Sheep,962385
Territorial Authority,Gore District,2017,Sheep,739442
Territorial Authority,Grey District,2012,Sheep,20531
Territorial Authority,Grey District,1994,Sheep,72905
Territorial Authority,Grey District,2002,Sheep,40559
Territorial Authority,Grey District,2007,Sheep,19419
Territorial Authority,Grey District,2017,Sheep,17200
Territorial Authority,Hamilton City,2012,Sheep,NA
Territorial Authority,Hamilton City,1994,Sheep,2140
Territorial Authority,Hamilton City,2002,Sheep,664
Territorial Authority,Hamilton City,2007,Sheep,NA
Territorial Authority,Hamilton City,2017,Sheep,1261
Territorial Authority,Hastings District,2012,Sheep,1240228
Territorial Authority,Hastings District,1994,Sheep,1606315
Territorial Authority,Hastings District,2002,Sheep,1517829
Territorial Authority,Hastings District,2007,Sheep,1246094
Territorial Authority,Hastings District,2017,Sheep,1095359
Territorial Authority,Hauraki District,2012,Sheep,21644
Territorial Authority,Hauraki District,1994,Sheep,81903
Territorial Authority,Hauraki District,2002,Sheep,42232
Territorial Authority,Hauraki District,2007,Sheep,52738
Territorial Authority,Hauraki District,2017,Sheep,26456
Territorial Authority,Horowhenua District,2012,Sheep,59788
Territorial Authority,Horowhenua District,1994,Sheep,110779
Territorial Authority,Horowhenua District,2002,Sheep,74514
Territorial Authority,Horowhenua District,2007,Sheep,91740
Territorial Authority,Horowhenua District,2017,Sheep,75883
Territorial Authority,Hurunui District,2012,Sheep,1276364
Territorial Authority,Hurunui District,1994,Sheep,1961276
Territorial Authority,Hurunui District,2002,Sheep,1643785
Territorial Authority,Hurunui District,2007,Sheep,1612116
Territorial Authority,Hurunui District,2017,Sheep,1082804
Territorial Authority,Invercargill City,2012,Sheep,76030
Territorial Authority,Invercargill City,1994,Sheep,177539
Territorial Authority,Invercargill City,2002,Sheep,94252
Territorial Authority,Invercargill City,2007,Sheep,80773
Territorial Authority,Invercargill City,2017,Sheep,114781
Territorial Authority,Kaikoura District,2012,Sheep,85308
Territorial Authority,Kaikoura District,1994,Sheep,225995
Territorial Authority,Kaikoura District,2002,Sheep,169817
Territorial Authority,Kaikoura District,2007,Sheep,143215
Territorial Authority,Kaikoura District,2017,Sheep,85468
Territorial Authority,Kaipara District,2012,Sheep,158039
Territorial Authority,Kaipara District,1994,Sheep,340901
Territorial Authority,Kaipara District,2002,Sheep,167416
Territorial Authority,Kaipara District,2007,Sheep,204231
Territorial Authority,Kaipara District,2017,Sheep,119838
Territorial Authority,Kapiti Coast District,2012,Sheep,22126
Territorial Authority,Kapiti Coast District,1994,Sheep,47604
Territorial Authority,Kapiti Coast District,2002,Sheep,22471
Territorial Authority,Kapiti Coast District,2007,Sheep,43803
Territorial Authority,Kapiti Coast District,2017,Sheep,8175
Territorial Authority,Kawerau District,2012,Sheep,NA
Territorial Authority,Kawerau District,1994,Sheep,3463
Territorial Authority,Kawerau District,2002,Sheep,NA
Territorial Authority,Kawerau District,2007,Sheep,NA
Territorial Authority,Kawerau District,2017,Sheep,NA
Territorial Authority,Lower Hutt City,2012,Sheep,6499
Territorial Authority,Lower Hutt City,1994,Sheep,15657
Territorial Authority,Lower Hutt City,2002,Sheep,21763
Territorial Authority,Lower Hutt City,2007,Sheep,6916
Territorial Authority,Lower Hutt City,2017,Sheep,NA
Territorial Authority,Mackenzie District,2012,Sheep,521238
Territorial Authority,Mackenzie District,1994,Sheep,835738
Territorial Authority,Mackenzie District,2002,Sheep,667407
Territorial Authority,Mackenzie District,2007,Sheep,626549
Territorial Authority,Mackenzie District,2017,Sheep,390298
Territorial Authority,Manawatu District,2012,Sheep,662939
Territorial Authority,Manawatu District,1994,Sheep,1032917
Territorial Authority,Manawatu District,2002,Sheep,900178
Territorial Authority,Manawatu District,2007,Sheep,912607
Territorial Authority,Manawatu District,2017,Sheep,639578
Territorial Authority,Marlborough District,2012,Sheep,547180
Territorial Authority,Marlborough District,1994,Sheep,955338
Territorial Authority,Marlborough District,2002,Sheep,785115
Territorial Authority,Marlborough District,2007,Sheep,578805
Territorial Authority,Marlborough District,2017,Sheep,468697
Territorial Authority,Masterton District,2012,Sheep,844506
Territorial Authority,Masterton District,1994,Sheep,1045613
Territorial Authority,Masterton District,2002,Sheep,958301
Territorial Authority,Masterton District,2007,Sheep,953463
Territorial Authority,Masterton District,2017,Sheep,822747
Territorial Authority,Matamata-Piako District,2012,Sheep,35213
Territorial Authority,Matamata-Piako District,1994,Sheep,108139
Territorial Authority,Matamata-Piako District,2002,Sheep,50708
Territorial Authority,Matamata-Piako District,2007,Sheep,71387
Territorial Authority,Matamata-Piako District,2017,Sheep,23774
Territorial Authority,Napier City,2012,Sheep,29330
Territorial Authority,Napier City,1994,Sheep,16804
Territorial Authority,Napier City,2002,Sheep,26042
Territorial Authority,Napier City,2007,Sheep,22960
Territorial Authority,Napier City,2017,Sheep,25249
Territorial Authority,Nelson City,2012,Sheep,6466
Territorial Authority,Nelson City,1994,Sheep,15099
Territorial Authority,Nelson City,2002,Sheep,11089
Territorial Authority,Nelson City,2007,Sheep,7639
Territorial Authority,Nelson City,2017,Sheep,NA
Territorial Authority,New Plymouth District,2012,Sheep,131145
Territorial Authority,New Plymouth District,1994,Sheep,242779
Territorial Authority,New Plymouth District,2002,Sheep,185700
Territorial Authority,New Plymouth District,2007,Sheep,174925
Territorial Authority,New Plymouth District,2017,Sheep,133704
Territorial Authority,Opotiki District,2012,Sheep,20898
Territorial Authority,Opotiki District,1994,Sheep,48270
Territorial Authority,Opotiki District,2002,Sheep,36216
Territorial Authority,Opotiki District,2007,Sheep,35648
Territorial Authority,Opotiki District,2017,Sheep,39500
Territorial Authority,Otorohanga District,2012,Sheep,183380
Territorial Authority,Otorohanga District,1994,Sheep,431948
Territorial Authority,Otorohanga District,2002,Sheep,291436
Territorial Authority,Otorohanga District,2007,Sheep,285614
Territorial Authority,Otorohanga District,2017,Sheep,146331
Territorial Authority,Palmerston North City,2012,Sheep,61537
Territorial Authority,Palmerston North City,1994,Sheep,81567
Territorial Authority,Palmerston North City,2002,Sheep,80259
Territorial Authority,Palmerston North City,2007,Sheep,69690
Territorial Authority,Palmerston North City,2017,Sheep,52155
Territorial Authority,Porirua City,2012,Sheep,34385
Territorial Authority,Porirua City,1994,Sheep,39469
Territorial Authority,Porirua City,2002,Sheep,29303
Territorial Authority,Porirua City,2007,Sheep,36914
Territorial Authority,Porirua City,2017,Sheep,21496
Territorial Authority,Queenstown-Lakes District,2012,Sheep,352392
Territorial Authority,Queenstown-Lakes District,1994,Sheep,927042
Territorial Authority,Queenstown-Lakes District,2002,Sheep,403171
Territorial Authority,Queenstown-Lakes District,2007,Sheep,373093
Territorial Authority,Queenstown-Lakes District,2017,Sheep,301462
Territorial Authority,Rangitikei District,2012,Sheep,1536101
Territorial Authority,Rangitikei District,1994,Sheep,1897609
Territorial Authority,Rangitikei District,2002,Sheep,1708035
Territorial Authority,Rangitikei District,2007,Sheep,1774007
Territorial Authority,Rangitikei District,2017,Sheep,1283010
Territorial Authority,Rotorua District,2012,Sheep,168632
Territorial Authority,Rotorua District,1994,Sheep,351774
Territorial Authority,Rotorua District,2002,Sheep,220848
Territorial Authority,Rotorua District,2007,Sheep,217842
Territorial Authority,Rotorua District,2017,Sheep,137689
Territorial Authority,Ruapehu District,2012,Sheep,1179726
Territorial Authority,Ruapehu District,1994,Sheep,1496636
Territorial Authority,Ruapehu District,2002,Sheep,1311108
Territorial Authority,Ruapehu District,2007,Sheep,1411494
Territorial Authority,Ruapehu District,2017,Sheep,1062856
Territorial Authority,Selwyn District,2012,Sheep,745487
Territorial Authority,Selwyn District,1994,Sheep,1261549
Territorial Authority,Selwyn District,2002,Sheep,1049428
Territorial Authority,Selwyn District,2007,Sheep,954373
Territorial Authority,Selwyn District,2017,Sheep,548069
Territorial Authority,South Taranaki District,2012,Sheep,182727
Territorial Authority,South Taranaki District,1994,Sheep,485629
Territorial Authority,South Taranaki District,2002,Sheep,329118
Territorial Authority,South Taranaki District,2007,Sheep,299266
Territorial Authority,South Taranaki District,2017,Sheep,207322
Territorial Authority,South Waikato District,2012,Sheep,29455
Territorial Authority,South Waikato District,1994,Sheep,67137
Territorial Authority,South Waikato District,2002,Sheep,39010
Territorial Authority,South Waikato District,2007,Sheep,50771
Territorial Authority,South Waikato District,2017,Sheep,34083
Territorial Authority,South Wairarapa District,2012,Sheep,430543
Territorial Authority,South Wairarapa District,1994,Sheep,619144
Territorial Authority,South Wairarapa District,2002,Sheep,471684
Territorial Authority,South Wairarapa District,2007,Sheep,467472
Territorial Authority,South Wairarapa District,2017,Sheep,370554
Territorial Authority,Southland District,2012,Sheep,3488393
Territorial Authority,Southland District,1994,Sheep,6557245
Territorial Authority,Southland District,2002,Sheep,4877430
Territorial Authority,Southland District,2007,Sheep,4619229
Territorial Authority,Southland District,2017,Sheep,3133071
Territorial Authority,Stratford District,2012,Sheep,178449
Territorial Authority,Stratford District,1994,Sheep,294455
Territorial Authority,Stratford District,2002,Sheep,238736
Territorial Authority,Stratford District,2007,Sheep,238626
Territorial Authority,Stratford District,2017,Sheep,210236
Territorial Authority,Tararua District,2012,Sheep,1531286
Territorial Authority,Tararua District,1994,Sheep,2100440
Territorial Authority,Tararua District,2002,Sheep,1805483
Territorial Authority,Tararua District,2007,Sheep,1830414
Territorial Authority,Tararua District,2017,Sheep,1358369
Territorial Authority,Tasman District,2012,Sheep,276877
Territorial Authority,Tasman District,1994,Sheep,424875
Territorial Authority,Tasman District,2002,Sheep,356240
Territorial Authority,Tasman District,2007,Sheep,348485
Territorial Authority,Tasman District,2017,Sheep,261878
Territorial Authority,Taupo District,2012,Sheep,285641
Territorial Authority,Taupo District,1994,Sheep,709815
Territorial Authority,Taupo District,2002,Sheep,442107
Territorial Authority,Taupo District,2007,Sheep,487687
Territorial Authority,Taupo District,2017,Sheep,240877
Territorial Authority,Tauranga City,2012,Sheep,NA
Territorial Authority,Tauranga City,1994,Sheep,8331
Territorial Authority,Tauranga City,2002,Sheep,3753
Territorial Authority,Tauranga City,2007,Sheep,NA
Territorial Authority,Tauranga City,2017,Sheep,NA
Territorial Authority,Thames-Coromandel District,2012,Sheep,46016
Territorial Authority,Thames-Coromandel District,1994,Sheep,95686
Territorial Authority,Thames-Coromandel District,2002,Sheep,93417
Territorial Authority,Thames-Coromandel District,2007,Sheep,82707
Territorial Authority,Thames-Coromandel District,2017,Sheep,25967
Territorial Authority,Timaru District,2012,Sheep,472278
Territorial Authority,Timaru District,1994,Sheep,994687
Territorial Authority,Timaru District,2002,Sheep,766105
Territorial Authority,Timaru District,2007,Sheep,697432
Territorial Authority,Timaru District,2017,Sheep,396625
Territorial Authority,Upper Hutt City,2012,Sheep,11565
Territorial Authority,Upper Hutt City,1994,Sheep,16809
Territorial Authority,Upper Hutt City,2002,Sheep,6720
Territorial Authority,Upper Hutt City,2007,Sheep,11473
Territorial Authority,Upper Hutt City,2017,Sheep,NA
Territorial Authority,Waikato District,2012,Sheep,425126
Territorial Authority,Waikato District,1994,Sheep,613265
Territorial Authority,Waikato District,2002,Sheep,402791
Territorial Authority,Waikato District,2007,Sheep,381494
Territorial Authority,Waikato District,2017,Sheep,353693
Territorial Authority,Waimakariri District,2012,Sheep,282165
Territorial Authority,Waimakariri District,1994,Sheep,601083
Territorial Authority,Waimakariri District,2002,Sheep,432470
Territorial Authority,Waimakariri District,2007,Sheep,402750
Territorial Authority,Waimakariri District,2017,Sheep,202252
Territorial Authority,Waimate District,2012,Sheep,518714
Territorial Authority,Waimate District,1994,Sheep,1136529
Territorial Authority,Waimate District,2002,Sheep,776167
Territorial Authority,Waimate District,2007,Sheep,726238
Territorial Authority,Waimate District,2017,Sheep,445495
Territorial Authority,Waipa District,2012,Sheep,78432
Territorial Authority,Waipa District,1994,Sheep,201552
Territorial Authority,Waipa District,2002,Sheep,131665
Territorial Authority,Waipa District,2007,Sheep,116641
Territorial Authority,Waipa District,2017,Sheep,66282
Territorial Authority,Wairoa District,2012,Sheep,552832
Territorial Authority,Wairoa District,1994,Sheep,787816
Territorial Authority,Wairoa District,2002,Sheep,593071
Territorial Authority,Wairoa District,2007,Sheep,766108
Territorial Authority,Wairoa District,2017,Sheep,513155
Territorial Authority,Waitaki District,2012,Sheep,808829
Territorial Authority,Waitaki District,1994,Sheep,1370065
Territorial Authority,Waitaki District,2002,Sheep,1080656
Territorial Authority,Waitaki District,2007,Sheep,978234
Territorial Authority,Waitaki District,2017,Sheep,755936
Territorial Authority,Waitomo District,2012,Sheep,690723
Territorial Authority,Waitomo District,1994,Sheep,1035244
Territorial Authority,Waitomo District,2002,Sheep,880121
Territorial Authority,Waitomo District,2007,Sheep,932135
Territorial Authority,Waitomo District,2017,Sheep,602605
Territorial Authority,Wanganui District,2012,Sheep,579661
Territorial Authority,Wellington City,2012,Sheep,16274
Territorial Authority,Wellington City,1994,Sheep,39956
Territorial Authority,Wellington City,2002,Sheep,29084
Territorial Authority,Wellington City,2007,Sheep,19719
Territorial Authority,Wellington City,2017,Sheep,14605
Territorial Authority,Western Bay of Plenty District,1994,Sheep,148909
Territorial Authority,Western Bay of Plenty District,2012,Sheep,75435
Territorial Authority,Western Bay of Plenty District,2002,Sheep,112115
Territorial Authority,Western Bay of Plenty District,2007,Sheep,90373
Territorial Authority,Western Bay of Plenty District,2017,Sheep,49326
Territorial Authority,Westland District,2012,Sheep,NA
Territorial Authority,Westland District,1994,Sheep,54975
Territorial Authority,Westland District,2002,Sheep,21920
Territorial Authority,Westland District,2007,Sheep,18032
Territorial Authority,Westland District,2017,Sheep,8836
Territorial Authority,Whakatane District,2012,Sheep,45488
Territorial Authority,Whakatane District,1994,Sheep,94456
Territorial Authority,Whakatane District,2002,Sheep,66014
Territorial Authority,Whakatane District,2007,Sheep,42810
Territorial Authority,Whakatane District,2017,Sheep,46365
Territorial Authority,Whanganui District,1994,Sheep,679929
Territorial Authority,Whanganui District,2002,Sheep,682454
Territorial Authority,Whanganui District,2007,Sheep,676692
Territorial Authority,Whanganui District,2017,Sheep,569923
Territorial Authority,Whangarei District,2012,Sheep,84024
Territorial Authority,Whangarei District,1994,Sheep,156355
Territorial Authority,Whangarei District,2002,Sheep,135078
Territorial Authority,Whangarei District,2007,Sheep,97057
Territorial Authority,Whangarei District,2017,Sheep,62933
Territorial Authority,Ashburton District,2012,Deer,49246
Territorial Authority,Ashburton District,1994,Deer,67398
Territorial Authority,Ashburton District,2002,Deer,96661
Territorial Authority,Ashburton District,2007,Deer,68390
Territorial Authority,Ashburton District,2017,Deer,41534
Territorial Authority,Auckland,1994,Deer,39445
Territorial Authority,Auckland,2002,Deer,26021
Territorial Authority,Auckland,2017,Deer,11284
Territorial Authority,Buller District,2012,Deer,NA
Territorial Authority,Buller District,1994,Deer,9613
Territorial Authority,Buller District,2002,Deer,12710
Territorial Authority,Buller District,2007,Deer,NA
Territorial Authority,Buller District,2017,Deer,10213
Territorial Authority,Carterton District,2012,Deer,3849
Territorial Authority,Carterton District,1994,Deer,5357
Territorial Authority,Carterton District,2002,Deer,6953
Territorial Authority,Carterton District,2007,Deer,4467
Territorial Authority,Carterton District,2017,Deer,3782
Territorial Authority,Central Hawke's Bay District,2012,Deer,30954
Territorial Authority,Central Hawke's Bay District,1994,Deer,54254
Territorial Authority,Central Hawke's Bay District,2002,Deer,57688
Territorial Authority,Central Hawke's Bay District,2007,Deer,38373
Territorial Authority,Central Hawke's Bay District,2017,Deer,24074
Territorial Authority,Central Otago District,2012,Deer,39537
Territorial Authority,Central Otago District,1994,Deer,13736
Territorial Authority,Central Otago District,2002,Deer,55613
Territorial Authority,Central Otago District,2007,Deer,45504
Territorial Authority,Central Otago District,2017,Deer,25010
Territorial Authority,Chatham Islands,1994,Deer,173
Territorial Authority,Chatham Islands,2002,Deer,NA
Territorial Authority,Chatham Islands,2007,Deer,NA
Territorial Authority,Chatham Islands,2017,Deer,NA
Territorial Authority,Chatham Islands Territory,2012,Deer,NA
Territorial Authority,Christchurch City,2012,Deer,2403
Territorial Authority,Christchurch City,1994,Deer,7075
Territorial Authority,Christchurch City,2002,Deer,8644
Territorial Authority,Christchurch City,2007,Deer,13349
Territorial Authority,Christchurch City,2017,Deer,5802
Territorial Authority,Clutha District,2012,Deer,35881
Territorial Authority,Clutha District,1994,Deer,31729
Territorial Authority,Clutha District,2002,Deer,53400
Territorial Authority,Clutha District,2007,Deer,46396
Territorial Authority,Clutha District,2017,Deer,31397
Territorial Authority,Dunedin City,2012,Deer,17076
Territorial Authority,Dunedin City,1994,Deer,19890
Territorial Authority,Dunedin City,2002,Deer,26961
Territorial Authority,Dunedin City,2007,Deer,19056
Territorial Authority,Dunedin City,2017,Deer,13151
Territorial Authority,Far North District,2012,Deer,1899
Territorial Authority,Far North District,1994,Deer,3919
Territorial Authority,Far North District,2002,Deer,6052
Territorial Authority,Far North District,2007,Deer,2880
Territorial Authority,Far North District,2017,Deer,2178
Territorial Authority,Gisborne District,2012,Deer,17323
Territorial Authority,Gisborne District,1994,Deer,22955
Territorial Authority,Gisborne District,2002,Deer,25752
Territorial Authority,Gisborne District,2007,Deer,26694
Territorial Authority,Gisborne District,2017,Deer,11859
Territorial Authority,Gore District,2012,Deer,21492
Territorial Authority,Gore District,1994,Deer,14343
Territorial Authority,Gore District,2002,Deer,30685
Territorial Authority,Gore District,2007,Deer,23822
Territorial Authority,Gore District,2017,Deer,12875
Territorial Authority,Grey District,2012,Deer,15172
Territorial Authority,Grey District,1994,Deer,7596
Territorial Authority,Grey District,2002,Deer,12494
Territorial Authority,Grey District,2007,Deer,15558
Territorial Authority,Grey District,2017,Deer,15568
Territorial Authority,Hamilton City,2012,Deer,NA
Territorial Authority,Hamilton City,1994,Deer,1395
Territorial Authority,Hamilton City,2002,Deer,510
Territorial Authority,Hamilton City,2007,Deer,NA
Territorial Authority,Hamilton City,2017,Deer,41
Territorial Authority,Hastings District,2012,Deer,30580
Territorial Authority,Hastings District,1994,Deer,45730
Territorial Authority,Hastings District,2002,Deer,48920
Territorial Authority,Hastings District,2007,Deer,34702
Territorial Authority,Hastings District,2017,Deer,18840
Territorial Authority,Hauraki District,2012,Deer,NA
Territorial Authority,Hauraki District,1994,Deer,1456
Territorial Authority,Hauraki District,2002,Deer,1856
Territorial Authority,Hauraki District,2007,Deer,726
Territorial Authority,Hauraki District,2017,Deer,872
Territorial Authority,Horowhenua District,2012,Deer,2653
Territorial Authority,Horowhenua District,1994,Deer,6294
Territorial Authority,Horowhenua District,2002,Deer,6655
Territorial Authority,Horowhenua District,2007,Deer,3058
Territorial Authority,Horowhenua District,2017,Deer,2355
Territorial Authority,Hurunui District,2012,Deer,26015
Territorial Authority,Hurunui District,1994,Deer,27401
Territorial Authority,Hurunui District,2002,Deer,42988
Territorial Authority,Hurunui District,2007,Deer,34042
Territorial Authority,Hurunui District,2017,Deer,28364
Territorial Authority,Invercargill City,2012,Deer,5708
Territorial Authority,Invercargill City,1994,Deer,8546
Territorial Authority,Invercargill City,2002,Deer,8463
Territorial Authority,Invercargill City,2007,Deer,5863
Territorial Authority,Invercargill City,2017,Deer,5284
Territorial Authority,Kaikoura District,2012,Deer,7740
Territorial Authority,Kaikoura District,1994,Deer,5063
Territorial Authority,Kaikoura District,2002,Deer,7398
Territorial Authority,Kaikoura District,2007,Deer,9102
Territorial Authority,Kaikoura District,2017,Deer,3059
Territorial Authority,Kaipara District,2012,Deer,1022
Territorial Authority,Kaipara District,1994,Deer,6519
Territorial Authority,Kaipara District,2002,Deer,10028
Territorial Authority,Kaipara District,2007,Deer,2267
Territorial Authority,Kaipara District,2017,Deer,165
Territorial Authority,Kapiti Coast District,2012,Deer,3428
Territorial Authority,Kapiti Coast District,1994,Deer,5325
Territorial Authority,Kapiti Coast District,2002,Deer,4572
Territorial Authority,Kapiti Coast District,2007,Deer,4595
Territorial Authority,Kapiti Coast District,2017,Deer,3902
Territorial Authority,Kawerau District,2012,Deer,NA
Territorial Authority,Kawerau District,1994,Deer,309
Territorial Authority,Kawerau District,2002,Deer,NA
Territorial Authority,Kawerau District,2007,Deer,NA
Territorial Authority,Kawerau District,2017,Deer,NA
Territorial Authority,Lower Hutt City,2012,Deer,NA
Territorial Authority,Lower Hutt City,1994,Deer,NA
Territorial Authority,Lower Hutt City,2002,Deer,NA
Territorial Authority,Lower Hutt City,2007,Deer,NA
Territorial Authority,Lower Hutt City,2017,Deer,NA
Territorial Authority,Mackenzie District,2012,Deer,40986
Territorial Authority,Mackenzie District,1994,Deer,15956
Territorial Authority,Mackenzie District,2002,Deer,36506
Territorial Authority,Mackenzie District,2007,Deer,43183
Territorial Authority,Mackenzie District,2017,Deer,34082
Territorial Authority,Manawatu District,2012,Deer,20251
Territorial Authority,Manawatu District,1994,Deer,35103
Territorial Authority,Manawatu District,2002,Deer,41281
Territorial Authority,Manawatu District,2007,Deer,29159
Territorial Authority,Manawatu District,2017,Deer,13159
Territorial Authority,Marlborough District,2012,Deer,NA
Territorial Authority,Marlborough District,1994,Deer,18764
Territorial Authority,Marlborough District,2002,Deer,22842
Territorial Authority,Marlborough District,2007,Deer,NA
Territorial Authority,Marlborough District,2017,Deer,6077
Territorial Authority,Masterton District,2012,Deer,3698
Territorial Authority,Masterton District,1994,Deer,7648
Territorial Authority,Masterton District,2002,Deer,8234
Territorial Authority,Masterton District,2007,Deer,3703
Territorial Authority,Masterton District,2017,Deer,1931
Territorial Authority,Matamata-Piako District,2012,Deer,2096
Territorial Authority,Matamata-Piako District,1994,Deer,13684
Territorial Authority,Matamata-Piako District,2002,Deer,9548
Territorial Authority,Matamata-Piako District,2007,Deer,4016
Territorial Authority,Matamata-Piako District,2017,Deer,1450
Territorial Authority,Napier City,2012,Deer,NA
Territorial Authority,Napier City,1994,Deer,2494
Territorial Authority,Napier City,2002,Deer,1151
Territorial Authority,Napier City,2007,Deer,NA
Territorial Authority,Napier City,2017,Deer,7
Territorial Authority,Nelson City,2012,Deer,NA
Territorial Authority,Nelson City,1994,Deer,343
Territorial Authority,Nelson City,2002,Deer,2228
Territorial Authority,Nelson City,2007,Deer,NA
Territorial Authority,Nelson City,2017,Deer,NA
Territorial Authority,New Plymouth District,2012,Deer,1312
Territorial Authority,New Plymouth District,1994,Deer,7310
Territorial Authority,New Plymouth District,2002,Deer,4068
Territorial Authority,New Plymouth District,2007,Deer,2655
Territorial Authority,New Plymouth District,2017,Deer,1096
Territorial Authority,Opotiki District,2012,Deer,NA
Territorial Authority,Opotiki District,1994,Deer,2304
Territorial Authority,Opotiki District,2002,Deer,2810
Territorial Authority,Opotiki District,2007,Deer,NA
Territorial Authority,Opotiki District,2017,Deer,764
Territorial Authority,Otorohanga District,2012,Deer,8732
Territorial Authority,Otorohanga District,1994,Deer,17563
Territorial Authority,Otorohanga District,2002,Deer,9077
Territorial Authority,Otorohanga District,2007,Deer,8208
Territorial Authority,Otorohanga District,2017,Deer,4209
Territorial Authority,Palmerston North City,2012,Deer,2107
Territorial Authority,Palmerston North City,1994,Deer,1936
Territorial Authority,Palmerston North City,2002,Deer,4822
Territorial Authority,Palmerston North City,2007,Deer,NA
Territorial Authority,Palmerston North City,2017,Deer,1088
Territorial Authority,Porirua City,2012,Deer,1630
Territorial Authority,Porirua City,1994,Deer,877
Territorial Authority,Porirua City,2002,Deer,1464
Territorial Authority,Porirua City,2007,Deer,NA
Territorial Authority,Porirua City,2017,Deer,531
Territorial Authority,Queenstown-Lakes District,2012,Deer,44547
Territorial Authority,Queenstown-Lakes District,1994,Deer,11126
Territorial Authority,Queenstown-Lakes District,2002,Deer,28932
Territorial Authority,Queenstown-Lakes District,2007,Deer,45800
Territorial Authority,Queenstown-Lakes District,2017,Deer,37778
Territorial Authority,Rangitikei District,2012,Deer,20034
Territorial Authority,Rangitikei District,1994,Deer,23354
Territorial Authority,Rangitikei District,2002,Deer,25298
Territorial Authority,Rangitikei District,2007,Deer,21976
Territorial Authority,Rangitikei District,2017,Deer,16896
Territorial Authority,Rotorua District,2012,Deer,25381
Territorial Authority,Rotorua District,1994,Deer,36379
Territorial Authority,Rotorua District,2002,Deer,38612
Territorial Authority,Rotorua District,2007,Deer,34086
Territorial Authority,Rotorua District,2017,Deer,21038
Territorial Authority,Ruapehu District,2012,Deer,16103
Territorial Authority,Ruapehu District,1994,Deer,27364
Territorial Authority,Ruapehu District,2002,Deer,36151
Territorial Authority,Ruapehu District,2007,Deer,26397
Territorial Authority,Ruapehu District,2017,Deer,11508
Territorial Authority,Selwyn District,2012,Deer,40759
Territorial Authority,Selwyn District,1994,Deer,32525
Territorial Authority,Selwyn District,2002,Deer,45420
Territorial Authority,Selwyn District,2007,Deer,48716
Territorial Authority,Selwyn District,2017,Deer,19979
Territorial Authority,South Taranaki District,2012,Deer,1087
Territorial Authority,South Taranaki District,1994,Deer,8465
Territorial Authority,South Taranaki District,2002,Deer,4604
Territorial Authority,South Taranaki District,2007,Deer,NA
Territorial Authority,South Taranaki District,2017,Deer,2193
Territorial Authority,South Waikato District,2012,Deer,4095
Territorial Authority,South Waikato District,1994,Deer,12247
Territorial Authority,South Waikato District,2002,Deer,7829
Territorial Authority,South Waikato District,2007,Deer,5198
Territorial Authority,South Waikato District,2017,Deer,2520
Territorial Authority,South Wairarapa District,2012,Deer,734
Territorial Authority,South Wairarapa District,1994,Deer,8270
Territorial Authority,South Wairarapa District,2002,Deer,4752
Territorial Authority,South Wairarapa District,2007,Deer,1328
Territorial Authority,South Wairarapa District,2017,Deer,NA
Territorial Authority,Southland District,2012,Deer,211202
Territorial Authority,Southland District,1994,Deer,161623
Territorial Authority,Southland District,2002,Deer,312410
Territorial Authority,Southland District,2007,Deer,277839
Territorial Authority,Southland District,2017,Deer,174321
Territorial Authority,Stratford District,2012,Deer,1357
Territorial Authority,Stratford District,1994,Deer,3490
Territorial Authority,Stratford District,2002,Deer,2090
Territorial Authority,Stratford District,2007,Deer,NA
Territorial Authority,Stratford District,2017,Deer,710
Territorial Authority,Tararua District,2012,Deer,10686
Territorial Authority,Tararua District,1994,Deer,18877
Territorial Authority,Tararua District,2002,Deer,18981
Territorial Authority,Tararua District,2007,Deer,14022
Territorial Authority,Tararua District,2017,Deer,6242
Territorial Authority,Tasman District,2012,Deer,15540
Territorial Authority,Tasman District,1994,Deer,35810
Territorial Authority,Tasman District,2002,Deer,32185
Territorial Authority,Tasman District,2007,Deer,20632
Territorial Authority,Tasman District,2017,Deer,10348
Territorial Authority,Taupo District,2012,Deer,41712
Territorial Authority,Taupo District,1994,Deer,31883
Territorial Authority,Taupo District,2002,Deer,53838
Territorial Authority,Taupo District,2007,Deer,60465
Territorial Authority,Taupo District,2017,Deer,37860
Territorial Authority,Tauranga City,2012,Deer,NA
Territorial Authority,Tauranga City,1994,Deer,1328
Territorial Authority,Tauranga City,2002,Deer,1012
Territorial Authority,Tauranga City,2007,Deer,NA
Territorial Authority,Tauranga City,2017,Deer,NA
Territorial Authority,Thames-Coromandel District,2012,Deer,311
Territorial Authority,Thames-Coromandel District,1994,Deer,823
Territorial Authority,Thames-Coromandel District,2002,Deer,1793
Territorial Authority,Thames-Coromandel District,2007,Deer,596
Territorial Authority,Thames-Coromandel District,2017,Deer,238
Territorial Authority,Timaru District,2012,Deer,64949
Territorial Authority,Timaru District,1994,Deer,54519
Territorial Authority,Timaru District,2002,Deer,80356
Territorial Authority,Timaru District,2007,Deer,86873
Territorial Authority,Timaru District,2017,Deer,59243
Territorial Authority,Upper Hutt City,2012,Deer,NA
Territorial Authority,Upper Hutt City,1994,Deer,1277
Territorial Authority,Upper Hutt City,2002,Deer,486
Territorial Authority,Upper Hutt City,2007,Deer,NA
Territorial Authority,Upper Hutt City,2017,Deer,NA
Territorial Authority,Waikato District,2012,Deer,7509
Territorial Authority,Waikato District,1994,Deer,24898
Territorial Authority,Waikato District,2002,Deer,20269
Territorial Authority,Waikato District,2007,Deer,5736
Territorial Authority,Waikato District,2017,Deer,5143
Territorial Authority,Waimakariri District,2012,Deer,24852
Territorial Authority,Waimakariri District,1994,Deer,27930
Territorial Authority,Waimakariri District,2002,Deer,42682
Territorial Authority,Waimakariri District,2007,Deer,42269
Territorial Authority,Waimakariri District,2017,Deer,16895
Territorial Authority,Waimate District,2012,Deer,27613
Territorial Authority,Waimate District,1994,Deer,17843
Territorial Authority,Waimate District,2002,Deer,42671
Territorial Authority,Waimate District,2007,Deer,39003
Territorial Authority,Waimate District,2017,Deer,22419
Territorial Authority,Waipa District,2012,Deer,14573
Territorial Authority,Waipa District,1994,Deer,22337
Territorial Authority,Waipa District,2002,Deer,18634
Territorial Authority,Waipa District,2007,Deer,15594
Territorial Authority,Waipa District,2017,Deer,9260
Territorial Authority,Wairoa District,2012,Deer,7797
Territorial Authority,Wairoa District,1994,Deer,15823
Territorial Authority,Wairoa District,2002,Deer,18215
Territorial Authority,Wairoa District,2007,Deer,NA
Territorial Authority,Wairoa District,2017,Deer,7327
Territorial Authority,Waitaki District,2012,Deer,23403
Territorial Authority,Waitaki District,1994,Deer,18203
Territorial Authority,Waitaki District,2002,Deer,40052
Territorial Authority,Waitaki District,2007,Deer,41253
Territorial Authority,Waitaki District,2017,Deer,15650
Territorial Authority,Waitomo District,2012,Deer,5942
Territorial Authority,Waitomo District,1994,Deer,20269
Territorial Authority,Waitomo District,2002,Deer,13612
Territorial Authority,Waitomo District,2007,Deer,12646
Territorial Authority,Waitomo District,2017,Deer,4010
Territorial Authority,Wanganui District,2012,Deer,2845
Territorial Authority,Wellington City,2012,Deer,NA
Territorial Authority,Wellington City,1994,Deer,1478
Territorial Authority,Wellington City,2002,Deer,874
Territorial Authority,Wellington City,2007,Deer,NA
Territorial Authority,Wellington City,2017,Deer,136
Territorial Authority,Western Bay of Plenty District,1994,Deer,30999
Territorial Authority,Western Bay of Plenty District,2012,Deer,9505
Territorial Authority,Western Bay of Plenty District,2002,Deer,21928
Territorial Authority,Western Bay of Plenty District,2007,Deer,13305
Territorial Authority,Western Bay of Plenty District,2017,Deer,5856
Territorial Authority,Westland District,2012,Deer,NA
Territorial Authority,Westland District,1994,Deer,8789
Territorial Authority,Westland District,2002,Deer,8058
Territorial Authority,Westland District,2007,Deer,NA
Territorial Authority,Westland District,2017,Deer,2559
Territorial Authority,Whakatane District,2012,Deer,2095
Territorial Authority,Whakatane District,1994,Deer,20467
Territorial Authority,Whakatane District,2002,Deer,8723
Territorial Authority,Whakatane District,2007,Deer,3636
Territorial Authority,Whakatane District,2017,Deer,2017
Territorial Authority,Whanganui District,1994,Deer,15507
Territorial Authority,Whanganui District,2002,Deer,14684
Territorial Authority,Whanganui District,2007,Deer,8824
Territorial Authority,Whanganui District,2017,Deer,5182
Territorial Authority,Whangarei District,2012,Deer,2237
Territorial Authority,Whangarei District,1994,Deer,7703
Territorial Authority,Whangarei District,2002,Deer,7332
Territorial Authority,Whangarei District,2007,Deer,2419
Territorial Authority,Whangarei District,2017,Deer,2570
Territorial Authority,Ashburton District,2012,Total cattle,508880
Territorial Authority,Ashburton District,1994,Total cattle,150864
Territorial Authority,Ashburton District,2002,Total cattle,284791
Territorial Authority,Ashburton District,2007,Total cattle,375516
Territorial Authority,Ashburton District,2017,Total cattle,531524
Territorial Authority,Auckland,1994,Total cattle,513774
Territorial Authority,Auckland,2002,Total cattle,440516
Territorial Authority,Auckland,2007,Total cattle,381604
Territorial Authority,Auckland,2012,Total cattle,234739
Territorial Authority,Auckland,2017,Total cattle,244271
Territorial Authority,Buller District,2012,Total cattle,66092
Territorial Authority,Buller District,1994,Total cattle,47622
Territorial Authority,Buller District,2002,Total cattle,59365
Territorial Authority,Buller District,2007,Total cattle,63376
Territorial Authority,Buller District,2017,Total cattle,57929
Territorial Authority,Carterton District,2012,Total cattle,50872
Territorial Authority,Carterton District,1994,Total cattle,63131
Territorial Authority,Carterton District,2002,Total cattle,59827
Territorial Authority,Carterton District,2007,Total cattle,49004
Territorial Authority,Carterton District,2017,Total cattle,41879
Territorial Authority,Central Hawke's Bay District,2012,Total cattle,214494
Territorial Authority,Central Hawke's Bay District,1994,Total cattle,205176
Territorial Authority,Central Hawke's Bay District,2002,Total cattle,241784
Territorial Authority,Central Hawke's Bay District,2007,Total cattle,191330
Territorial Authority,Central Hawke's Bay District,2017,Total cattle,193614
Territorial Authority,Central Otago District,2012,Total cattle,128620
Territorial Authority,Central Otago District,1994,Total cattle,59198
Territorial Authority,Central Otago District,2002,Total cattle,74338
Territorial Authority,Central Otago District,2007,Total cattle,78122
Territorial Authority,Central Otago District,2017,Total cattle,112207
Territorial Authority,Chatham Islands,1994,Total cattle,6540
Territorial Authority,Chatham Islands,2002,Total cattle,NA
Territorial Authority,Chatham Islands,2007,Total cattle,11905
Territorial Authority,Chatham Islands,2017,Total cattle,11351
Territorial Authority,Chatham Islands Territory,2012,Total cattle,NA
Territorial Authority,Christchurch City,2012,Total cattle,41644
Territorial Authority,Christchurch City,1994,Total cattle,43500
Territorial Authority,Christchurch City,2002,Total cattle,44514
Territorial Authority,Christchurch City,2007,Total cattle,52638
Territorial Authority,Christchurch City,2017,Total cattle,87580
Territorial Authority,Clutha District,2012,Total cattle,248323
Territorial Authority,Clutha District,1994,Total cattle,129237
Territorial Authority,Clutha District,2002,Total cattle,190126
Territorial Authority,Clutha District,2007,Total cattle,207828
Territorial Authority,Clutha District,2017,Total cattle,246353
Territorial Authority,Dunedin City,2012,Total cattle,87677
Territorial Authority,Dunedin City,1994,Total cattle,45173
Territorial Authority,Dunedin City,2002,Total cattle,81987
Territorial Authority,Dunedin City,2007,Total cattle,84078
Territorial Authority,Dunedin City,2017,Total cattle,83850
Territorial Authority,Far North District,2012,Total cattle,289571
Territorial Authority,Far North District,1994,Total cattle,359933
Territorial Authority,Far North District,2002,Total cattle,339459
Territorial Authority,Far North District,2007,Total cattle,320455
Territorial Authority,Far North District,2017,Total cattle,292384
Territorial Authority,Gisborne District,2012,Total cattle,284694
Territorial Authority,Gisborne District,1994,Total cattle,357610
Territorial Authority,Gisborne District,2002,Total cattle,322356
Territorial Authority,Gisborne District,2007,Total cattle,295187
Territorial Authority,Gisborne District,2017,Total cattle,256645
Territorial Authority,Gore District,2012,Total cattle,94698
Territorial Authority,Gore District,1994,Total cattle,38224
Territorial Authority,Gore District,2002,Total cattle,71806
Territorial Authority,Gore District,2007,Total cattle,69645
Territorial Authority,Gore District,2017,Total cattle,105885
Territorial Authority,Grey District,2012,Total cattle,53155
Territorial Authority,Grey District,1994,Total cattle,32317
Territorial Authority,Grey District,2002,Total cattle,36523
Territorial Authority,Grey District,2007,Total cattle,48064
Territorial Authority,Grey District,2017,Total cattle,53833
Territorial Authority,Hamilton City,2012,Total cattle,8338
Territorial Authority,Hamilton City,1994,Total cattle,15364
Territorial Authority,Hamilton City,2002,Total cattle,8485
Territorial Authority,Hamilton City,2007,Total cattle,10328
Territorial Authority,Hamilton City,2017,Total cattle,NA
Territorial Authority,Hastings District,2012,Total cattle,227705
Territorial Authority,Hastings District,1994,Total cattle,213401
Territorial Authority,Hastings District,2002,Total cattle,255667
Territorial Authority,Hastings District,2007,Total cattle,187419
Territorial Authority,Hastings District,2017,Total cattle,202304
Territorial Authority,Hauraki District,2012,Total cattle,177241
Territorial Authority,Hauraki District,1994,Total cattle,178406
Territorial Authority,Hauraki District,2002,Total cattle,166751
Territorial Authority,Hauraki District,2007,Total cattle,172341
Territorial Authority,Hauraki District,2017,Total cattle,169039
Territorial Authority,Horowhenua District,2012,Total cattle,87594
Territorial Authority,Horowhenua District,1994,Total cattle,93167
Territorial Authority,Horowhenua District,2002,Total cattle,102867
Territorial Authority,Horowhenua District,2007,Total cattle,95957
Territorial Authority,Horowhenua District,2017,Total cattle,102029
Territorial Authority,Hurunui District,2012,Total cattle,200985
Territorial Authority,Hurunui District,1994,Total cattle,119454
Territorial Authority,Hurunui District,2002,Total cattle,162894
Territorial Authority,Hurunui District,2007,Total cattle,172240
Territorial Authority,Hurunui District,2017,Total cattle,213669
Territorial Authority,Invercargill City,2012,Total cattle,22335
Territorial Authority,Invercargill City,1994,Total cattle,13402
Territorial Authority,Invercargill City,2002,Total cattle,18205
Territorial Authority,Invercargill City,2007,Total cattle,21306
Territorial Authority,Invercargill City,2017,Total cattle,29530
Territorial Authority,Kaikoura District,2012,Total cattle,25530
Territorial Authority,Kaikoura District,1994,Total cattle,27987
Territorial Authority,Kaikoura District,2002,Total cattle,30862
Territorial Authority,Kaikoura District,2007,Total cattle,30112
Territorial Authority,Kaikoura District,2017,Total cattle,27742
Territorial Authority,Kaipara District,2012,Total cattle,268792
Territorial Authority,Kaipara District,1994,Total cattle,315720
Territorial Authority,Kaipara District,2002,Total cattle,277626
Territorial Authority,Kaipara District,2007,Total cattle,301352
Territorial Authority,Kaipara District,2017,Total cattle,257355
Territorial Authority,Kapiti Coast District,2012,Total cattle,14669
Territorial Authority,Kapiti Coast District,1994,Total cattle,20252
Territorial Authority,Kapiti Coast District,2002,Total cattle,17669
Territorial Authority,Kapiti Coast District,2007,Total cattle,17548
Territorial Authority,Kapiti Coast District,2017,Total cattle,10197
Territorial Authority,Kawerau District,2012,Total cattle,NA
Territorial Authority,Kawerau District,1994,Total cattle,NA
Territorial Authority,Kawerau District,2002,Total cattle,NA
Territorial Authority,Kawerau District,2007,Total cattle,NA
Territorial Authority,Kawerau District,2017,Total cattle,1928
Territorial Authority,Lower Hutt City,2012,Total cattle,288
Territorial Authority,Lower Hutt City,1994,Total cattle,1262
Territorial Authority,Lower Hutt City,2002,Total cattle,3045
Territorial Authority,Lower Hutt City,2007,Total cattle,517
Territorial Authority,Lower Hutt City,2017,Total cattle,963
Territorial Authority,Mackenzie District,2012,Total cattle,66303
Territorial Authority,Mackenzie District,1994,Total cattle,33436
Territorial Authority,Mackenzie District,2002,Total cattle,41423
Territorial Authority,Mackenzie District,2007,Total cattle,48599
Territorial Authority,Mackenzie District,2017,Total cattle,64917
Territorial Authority,Manawatu District,2012,Total cattle,226404
Territorial Authority,Manawatu District,1994,Total cattle,234544
Territorial Authority,Manawatu District,2002,Total cattle,222809
Territorial Authority,Manawatu District,2007,Total cattle,225691
Territorial Authority,Manawatu District,2017,Total cattle,208440
Territorial Authority,Marlborough District,2012,Total cattle,93345
Territorial Authority,Marlborough District,1994,Total cattle,97104
Territorial Authority,Marlborough District,2002,Total cattle,105005
Territorial Authority,Marlborough District,2007,Total cattle,89667
Territorial Authority,Marlborough District,2017,Total cattle,77763
Territorial Authority,Masterton District,2012,Total cattle,80830
Territorial Authority,Masterton District,1994,Total cattle,91582
Territorial Authority,Masterton District,2002,Total cattle,96151
Territorial Authority,Masterton District,2007,Total cattle,78910
Territorial Authority,Masterton District,2017,Total cattle,73208
Territorial Authority,Matamata-Piako District,2012,Total cattle,389741
Territorial Authority,Matamata-Piako District,1994,Total cattle,405812
Territorial Authority,Matamata-Piako District,2002,Total cattle,409801
Territorial Authority,Matamata-Piako District,2007,Total cattle,390454
Territorial Authority,Matamata-Piako District,2017,Total cattle,397759
Territorial Authority,Napier City,2012,Total cattle,3756
Territorial Authority,Napier City,1994,Total cattle,2978
Territorial Authority,Napier City,2002,Total cattle,5312
Territorial Authority,Napier City,2007,Total cattle,NA
Territorial Authority,Napier City,2017,Total cattle,NA
Territorial Authority,Nelson City,2012,Total cattle,NA
Territorial Authority,Nelson City,1994,Total cattle,3303
Territorial Authority,Nelson City,2002,Total cattle,NA
Territorial Authority,Nelson City,2007,Total cattle,3160
Territorial Authority,Nelson City,2017,Total cattle,NA
Territorial Authority,New Plymouth District,2012,Total cattle,192389
Territorial Authority,New Plymouth District,1994,Total cattle,216989
Territorial Authority,New Plymouth District,2002,Total cattle,225710
Territorial Authority,New Plymouth District,2007,Total cattle,194384
Territorial Authority,New Plymouth District,2017,Total cattle,192035
Territorial Authority,Opotiki District,2012,Total cattle,42493
Territorial Authority,Opotiki District,1994,Total cattle,49128
Territorial Authority,Opotiki District,2002,Total cattle,51339
Territorial Authority,Opotiki District,2007,Total cattle,44436
Territorial Authority,Opotiki District,2017,Total cattle,40892
Territorial Authority,Otorohanga District,2012,Total cattle,236150
Territorial Authority,Otorohanga District,1994,Total cattle,224756
Territorial Authority,Otorohanga District,2002,Total cattle,226822
Territorial Authority,Otorohanga District,2007,Total cattle,222348
Territorial Authority,Otorohanga District,2017,Total cattle,219362
Territorial Authority,Palmerston North City,2012,Total cattle,27336
Territorial Authority,Palmerston North City,1994,Total cattle,28517
Territorial Authority,Palmerston North City,2002,Total cattle,33893
Territorial Authority,Palmerston North City,2007,Total cattle,26363
Territorial Authority,Palmerston North City,2017,Total cattle,43043
Territorial Authority,Porirua City,2012,Total cattle,NA
Territorial Authority,Porirua City,1994,Total cattle,5016
Territorial Authority,Porirua City,2002,Total cattle,NA
Territorial Authority,Porirua City,2007,Total cattle,NA
Territorial Authority,Porirua City,2017,Total cattle,NA
Territorial Authority,Queenstown-Lakes District,2012,Total cattle,25777
Territorial Authority,Queenstown-Lakes District,1994,Total cattle,NA
Territorial Authority,Queenstown-Lakes District,2002,Total cattle,NA
Territorial Authority,Queenstown-Lakes District,2007,Total cattle,26904
Territorial Authority,Queenstown-Lakes District,2017,Total cattle,24742
Territorial Authority,Rangitikei District,2012,Total cattle,197251
Territorial Authority,Rangitikei District,1994,Total cattle,200711
Territorial Authority,Rangitikei District,2002,Total cattle,196040
Territorial Authority,Rangitikei District,2007,Total cattle,205124
Territorial Authority,Rangitikei District,2017,Total cattle,190654
Territorial Authority,Rotorua District,2012,Total cattle,205153
Territorial Authority,Rotorua District,1994,Total cattle,183019
Territorial Authority,Rotorua District,2002,Total cattle,210794
Territorial Authority,Rotorua District,2007,Total cattle,201725
Territorial Authority,Rotorua District,2017,Total cattle,213118
Territorial Authority,Ruapehu District,2012,Total cattle,159420
Territorial Authority,Ruapehu District,1994,Total cattle,189046
Territorial Authority,Ruapehu District,2002,Total cattle,173200
Territorial Authority,Ruapehu District,2007,Total cattle,168634
Territorial Authority,Ruapehu District,2017,Total cattle,152395
Territorial Authority,Selwyn District,2012,Total cattle,251398
Territorial Authority,Selwyn District,1994,Total cattle,90240
Territorial Authority,Selwyn District,2002,Total cattle,158907
Territorial Authority,Selwyn District,2007,Total cattle,214093
Territorial Authority,Selwyn District,2017,Total cattle,280371
Territorial Authority,South Taranaki District,2012,Total cattle,408777
Territorial Authority,South Taranaki District,1994,Total cattle,430343
Territorial Authority,South Taranaki District,2002,Total cattle,428243
Territorial Authority,South Taranaki District,2007,Total cattle,415695
Territorial Authority,South Taranaki District,2017,Total cattle,410221
Territorial Authority,South Waikato District,2012,Total cattle,186191
Territorial Authority,South Waikato District,1994,Total cattle,150652
Territorial Authority,South Waikato District,2002,Total cattle,156230
Territorial Authority,South Waikato District,2007,Total cattle,172202
Territorial Authority,South Waikato District,2017,Total cattle,208545
Territorial Authority,South Wairarapa District,2012,Total cattle,91345
Territorial Authority,South Wairarapa District,1994,Total cattle,105020
Territorial Authority,South Wairarapa District,2002,Total cattle,104611
Territorial Authority,South Wairarapa District,2007,Total cattle,94040
Territorial Authority,South Wairarapa District,2017,Total cattle,95765
Territorial Authority,Southland District,2012,Total cattle,725698
Territorial Authority,Southland District,1994,Total cattle,265290
Territorial Authority,Southland District,2002,Total cattle,469879
Territorial Authority,Southland District,2007,Total cattle,549279
Territorial Authority,Southland District,2017,Total cattle,720797
Territorial Authority,Stratford District,2012,Total cattle,117492
Territorial Authority,Stratford District,1994,Total cattle,133391
Territorial Authority,Stratford District,2002,Total cattle,132797
Territorial Authority,Stratford District,2007,Total cattle,123030
Territorial Authority,Stratford District,2017,Total cattle,114125
Territorial Authority,Tararua District,2012,Total cattle,267122
Territorial Authority,Tararua District,1994,Total cattle,288697
Territorial Authority,Tararua District,2002,Total cattle,303262
Territorial Authority,Tararua District,2007,Total cattle,263280
Territorial Authority,Tararua District,2017,Total cattle,247903
Territorial Authority,Tasman District,2012,Total cattle,112105
Territorial Authority,Tasman District,1994,Total cattle,113545
Territorial Authority,Tasman District,2002,Total cattle,116505
Territorial Authority,Tasman District,2007,Total cattle,115277
Territorial Authority,Tasman District,2017,Total cattle,105919
Territorial Authority,Taupo District,2012,Total cattle,169547
Territorial Authority,Taupo District,1994,Total cattle,127856
Territorial Authority,Taupo District,2002,Total cattle,152038
Territorial Authority,Taupo District,2007,Total cattle,175986
Territorial Authority,Taupo District,2017,Total cattle,223381
Territorial Authority,Tauranga City,2012,Total cattle,NA
Territorial Authority,Tauranga City,1994,Total cattle,13234
Territorial Authority,Tauranga City,2002,Total cattle,8089
Territorial Authority,Tauranga City,2007,Total cattle,NA
Territorial Authority,Tauranga City,2017,Total cattle,NA
Territorial Authority,Thames-Coromandel District,2012,Total cattle,58821
Territorial Authority,Thames-Coromandel District,1994,Total cattle,74458
Territorial Authority,Thames-Coromandel District,2002,Total cattle,75951
Territorial Authority,Thames-Coromandel District,2007,Total cattle,65869
Territorial Authority,Thames-Coromandel District,2017,Total cattle,53401
Territorial Authority,Timaru District,2012,Total cattle,194605
Territorial Authority,Timaru District,1994,Total cattle,66706
Territorial Authority,Timaru District,2002,Total cattle,121202
Territorial Authority,Timaru District,2007,Total cattle,170163
Territorial Authority,Timaru District,2017,Total cattle,209130
Territorial Authority,Upper Hutt City,2012,Total cattle,4374
Territorial Authority,Upper Hutt City,1994,Total cattle,5260
Territorial Authority,Upper Hutt City,2002,Total cattle,4537
Territorial Authority,Upper Hutt City,2007,Total cattle,4156
Territorial Authority,Upper Hutt City,2017,Total cattle,4374
Territorial Authority,Waikato District,2012,Total cattle,495402
Territorial Authority,Waikato District,1994,Total cattle,393484
Territorial Authority,Waikato District,2002,Total cattle,383894
Territorial Authority,Waikato District,2007,Total cattle,399357
Territorial Authority,Waikato District,2017,Total cattle,467881
Territorial Authority,Waimakariri District,2012,Total cattle,152776
Territorial Authority,Waimakariri District,1994,Total cattle,55510
Territorial Authority,Waimakariri District,2002,Total cattle,89367
Territorial Authority,Waimakariri District,2007,Total cattle,115426
Territorial Authority,Waimakariri District,2017,Total cattle,127366
Territorial Authority,Waimate District,2012,Total cattle,180913
Territorial Authority,Waimate District,1994,Total cattle,59593
Territorial Authority,Waimate District,2002,Total cattle,89962
Territorial Authority,Waimate District,2007,Total cattle,128780
Territorial Authority,Waimate District,2017,Total cattle,174153
Territorial Authority,Waipa District,2012,Total cattle,301685
Territorial Authority,Waipa District,1994,Total cattle,294081
Territorial Authority,Waipa District,2002,Total cattle,316924
Territorial Authority,Waipa District,2007,Total cattle,296375
Territorial Authority,Waipa District,2017,Total cattle,306818
Territorial Authority,Wairoa District,2012,Total cattle,109261
Territorial Authority,Wairoa District,1994,Total cattle,132352
Territorial Authority,Wairoa District,2002,Total cattle,128390
Territorial Authority,Wairoa District,2007,Total cattle,NA
Territorial Authority,Wairoa District,2017,Total cattle,96770
Territorial Authority,Waitaki District,2012,Total cattle,184284
Territorial Authority,Waitaki District,1994,Total cattle,92595
Territorial Authority,Waitaki District,2002,Total cattle,122443
Territorial Authority,Waitaki District,2007,Total cattle,145863
Territorial Authority,Waitaki District,2017,Total cattle,188677
Territorial Authority,Waitomo District,2012,Total cattle,203345
Territorial Authority,Waitomo District,1994,Total cattle,213147
Territorial Authority,Waitomo District,2002,Total cattle,206130
Territorial Authority,Waitomo District,2007,Total cattle,204738
Territorial Authority,Waitomo District,2017,Total cattle,199706
Territorial Authority,Wanganui District,2012,Total cattle,85516
Territorial Authority,Wellington City,2012,Total cattle,NA
Territorial Authority,Wellington City,1994,Total cattle,5091
Territorial Authority,Wellington City,2002,Total cattle,NA
Territorial Authority,Wellington City,2007,Total cattle,NA
Territorial Authority,Wellington City,2017,Total cattle,NA
Territorial Authority,Western Bay of Plenty District,1994,Total cattle,151285
Territorial Authority,Western Bay of Plenty District,2012,Total cattle,130926
Territorial Authority,Western Bay of Plenty District,2002,Total cattle,150699
Territorial Authority,Western Bay of Plenty District,2007,Total cattle,144670
Territorial Authority,Western Bay of Plenty District,2017,Total cattle,127846
Territorial Authority,Westland District,2012,Total cattle,83406
Territorial Authority,Westland District,1994,Total cattle,67045
Territorial Authority,Westland District,2002,Total cattle,67660
Territorial Authority,Westland District,2007,Total cattle,71316
Territorial Authority,Westland District,2017,Total cattle,71864
Territorial Authority,Whakatane District,2012,Total cattle,136988
Territorial Authority,Whakatane District,1994,Total cattle,152502
Territorial Authority,Whakatane District,2002,Total cattle,158229
Territorial Authority,Whakatane District,2007,Total cattle,144386
Territorial Authority,Whakatane District,2017,Total cattle,145858
Territorial Authority,Whanganui District,1994,Total cattle,86792
Territorial Authority,Whanganui District,2002,Total cattle,106527
Territorial Authority,Whanganui District,2007,Total cattle,88782
Territorial Authority,Whanganui District,2017,Total cattle,83063
Territorial Authority,Whangarei District,2012,Total cattle,220120
Territorial Authority,Whangarei District,1994,Total cattle,254980
Territorial Authority,Whangarei District,2002,Total cattle,256734
Territorial Authority,Whangarei District,2007,Total cattle,241209
Territorial Authority,Whangarei District,2017,Total cattle,212619
